APCcommunicationLost;.1.3.6.1.4.1.318.0.1;Energia;2;Minor;comunicacion perdida;"LAS CASILLAS EN ESTE COLOR ES POR QUE TIENEN UN CARÁCTER ; HAY QUE BORRARLO ANTES DE EXPORTAR A CSV"
APCupsOverload;.1.3.6.1.4.1.318.0.2;Energia;2;Major;SAI sobrecarga;
APCupsDiagnosticsFailed;.1.3.6.1.4.1.318.0.3;Energia;2;Major;FALLO de internal self-test;
APCupsDischarged;.1.3.6.1.4.1.318.0.4;Energia;2;Major;Baterias de la SAI descargadas;
APCupsOnBattery;.1.3.6.1.4.1.318.0.5;Energia;2;Major;SIN RED;
APCsmartBoostOn;.1.3.6.1.4.1.318.0.6;LOGONLY;2;Warning;The UPS has enabled SmartBoost™ low incoming line voltage.;
APClowBattery;.1.3.6.1.4.1.318.0.7;Energia;2;Warning;Bateria BAJA;
APCcommunicationEstablished;.1.3.6.1.4.1.318.0.8;Energia;2;Normal;.CLEAR: comunicacion perdida;
APCpowerRestored;.1.3.6.1.4.1.318.0.9;Energia;2;Normal;.CLEAR: SIN RED;
APCupsDiagnosticsPassed;.1.3.6.1.4.1.318.0.10;LOGONLY;2;Normal;SAI internal self-test OK PASADO;
APCreturnFromLowBattery;.1.3.6.1.4.1.318.0.11;Energia;2;Normal;.CLEAR: Bateria Baja;
APCupsTurnedOff;.1.3.6.1.4.1.318.0.12;Energia;2;Warning;Apagado SAI controlado.;
APCupsSleeping;.1.3.6.1.4.1.318.0.13;Energia;2;Warning;SAI entrado en modo SLEEP (La carga sera desconectada);
APCupsWokeUp;.1.3.6.1.4.1.318.0.14;Energia;2;Normal;.CLEAR: modo SLEEP (La carga sera reconectada);
APCupsRebootStarted;.1.3.6.1.4.1.318.0.15;Energia;2;Warning;SAI Reiniciandose;
APCupsDipSwitchChanged;.1.3.6.1.4.1.318.0.16;Energia;2;Warning;The DIP switch settings on the UPS have been changed.;
APCupsBatteryNeedsReplacement;.1.3.6.1.4.1.318.0.17;Energia;2;Normal;Baterias de la SAI en mal estado (necesitan remplazarse);
APCcontactFault;.1.3.6.1.4.1.318.0.18;Energia;2;Normal;Alarma externa %1 = %2;
APCcontactFaultResolved;.1.3.6.1.4.1.318.0.19;Energia;2;Normal;.CLEAR: Alarma externa %1 = %2;
APChardwareFailureBypass;.1.3.6.1.4.1.318.0.20;Energia;2;Warning;Fallo interno, funcionamiento en BYPASS;
APCsoftwareBypass;.1.3.6.1.4.1.318.0.21;Energia;2;Warning;SAI puesta en BYPASS por software.;
APCswitchedBypass;.1.3.6.1.4.1.318.0.22;Energia;2;Warning;SAI puesta en BYPASS por el usuario.;
APCreturnFromBypass;.1.3.6.1.4.1.318.0.23;Energia;2;Normal;.CLEAR: Funcionamiento en BYPASS;
APCbypassPowerSupplyFailure;.1.3.6.1.4.1.318.0.24;Energia;2;Normal;The base module bypass power supply needs repair.;
APCbaseFanFailure;.1.3.6.1.4.1.318.0.25;Energia;2;Warning;Averia de un VENTILADOR;
APCbatteryPackCommLost;.1.3.6.1.4.1.318.0.26;Energia;2;Warning;Pedida la comunicacion con la extension de baterias (check battery signal cable);
APCbatteryPackCommEstablished;.1.3.6.1.4.1.318.0.27;Energia;2;Normal;Communication established with external battery packs.;
APCcalibrationStart;.1.3.6.1.4.1.318.0.28;Energia;2;Normal;A battery run time calibration test has been initiated.;
APCrestartAgent;.1.3.6.1.4.1.318.0.29;Energia;2;Normal;Agent restarting as commanded by manager.;
APCupsTurnedOn;.1.3.6.1.4.1.318.0.30;Energia;2;Normal;SAI en funcionamiento.;
APCsmartAvrReducing;.1.3.6.1.4.1.318.0.31;Energia;2;Warning;The UPS has enabled SmartTrim(TM) voltage reduction.;
APCcodeAuthenticationDone;.1.3.6.1.4.1.318.0.32;Energia;2;Normal;Authentication on agent code image is done.;
APCupsOverloadCleared;.1.3.6.1.4.1.318.0.33;Energia;2;Normal;The overload condition has been cleared. .;
APCsmartBoostOff;.1.3.6.1.4.1.318.0.34;Energia;2;Normal;The UPS has returned from SmartBoost™;
APCsmartAvrReducingOff;.1.3.6.1.4.1.318.0.35;Energia;2;Normal;The UPS has returned from SmartTrim(TM) voltage reduction.;
APCupsBatteryReplaced;.1.3.6.1.4.1.318.0.36;Energia;2;Normal;The UPS has returned from a bad battery fault.;
APCcalibrationEnd;.1.3.6.1.4.1.318.0.37;Energia;2;Normal;The UPS has finished calibrating;
APCdischargeCleared;.1.3.6.1.4.1.318.0.38;Energia;2;Normal;SAI en funcionamiento. (Baterias en Carga);
APCgracefullShutdown;.1.3.6.1.4.1.318.0.39;Energia;2;Normal;Inicio Cierre controlado.;
APCoutletOn;.1.3.6.1.4.1.318.0.41;Energia;2;Warning;Outlet has been turned on;
APCoutletOff;.1.3.6.1.4.1.318.0.42;Energia;2;Warning;Outlet has turned off.;
APCoutletReboot;.1.3.6.1.4.1.318.0.43;Energia;2;Warning;Outlet has rebooted.;
APCconfigChangeSNMP;.1.3.6.1.4.1.318.0.44;Energia;2;Warning;The SNMP configuration has been changed.;
APCconfigChangeOutlet;.1.3.6.1.4.1.318.0.45;Energia;2;Warning;Outlet configuration has been changed.;
APCaccessViolationConsole;.1.3.6.1.4.1.318.0.46;Energia;2;Warning;Three unsuccessful logins have been attempted via the console.;
APCaccessViolationHTTP;.1.3.6.1.4.1.318.0.47;Energia;2;Warning;An unsuccessful attempt to login via HTTP.;
APCpasswordChange;.1.3.6.1.4.1.318.0.48;Energia;2;Warning;Someone has changed the password on the device.;
APCbadVoltage;.1.3.6.1.4.1.318.0.49;Energia;2;Warning;The output voltage is not within acceptable range.;
APCbadVoltageCleared;.1.3.6.1.4.1.318.0.50;Energia;2;Normal;The output voltage has returned to an acceptable level.;
APCchargerFailure;.1.3.6.1.4.1.318.0.51;Energia;2;Warning;The battery charger has failed.;
APCchargerFailureCleared;.1.3.6.1.4.1.318.0.52;Energia;2;Normal;The battery charger failure condition has been cleared.;
APCbatteryOverTemperature;.1.3.6.1.4.1.318.0.53;Energia;2;Warning;The battery temperature threshold has been violated.;
APCbatteryOverTemperatureCleared;.1.3.6.1.4.1.318.0.54;Energia;2;Normal;The battery over temperature has been cleared.;
APCsmartRelayFault;.1.3.6.1.4.1.318.0.55;Energia;2;Warning;SmartBoost(TM) or SmartTrim(TM) relay fault.;
APCsmartRelayFaultCleared;.1.3.6.1.4.1.318.0.56;Energia;2;Normal;SmartBoost(TM) or SmartTrim(TM) relay fault has been cleared.;
APChumidityThresholdViolation1;.1.3.6.1.4.1.318.0.57;Energia;2;Normal;A humidity threshold has been violated on probe 1.;
APChumidityThresholdViolationCleared1;.1.3.6.1.4.1.318.0.58;Energia;2;Normal;A humidity threshold violation has been cleared on probe 1.;
APCtemperatureThresholdViolation1;.1.3.6.1.4.1.318.0.59;Energia;2;Normal;A temperature threshold has been violated on probe 1.;
APCtemperatureThresholdViolationCleared1;.1.3.6.1.4.1.318.0.60;Energia;2;Normal;A temperature threshold violation has been cleared on probe 1.;
APChumidityThresholdViolation2;.1.3.6.1.4.1.318.0.61;Energia;2;Normal;A humidity threshold has been violated on probe 2.;
APChumidityThresholdViolationCleared2;.1.3.6.1.4.1.318.0.62;Energia;2;Normal;A humidity threshold violation has been cleared on probe 2.;
APCtemperatureThresholdViolation2;.1.3.6.1.4.1.318.0.63;Energia;2;Normal;A temperature threshold has been violated on probe 2.;
APCtemperatureThresholdViolationCleared2;.1.3.6.1.4.1.318.0.64;Energia;2;Normal;A temperature threshold violation has been cleared on probe 2.;
APCmupsCommunicationEstablished;.1.3.6.1.4.1.318.0.65;Energia;2;Normal;Communication established between the agent and the Environmental Monitor.;
APCmupsCommunicationLost;.1.3.6.1.4.1.318.0.66;Energia;2;Normal;Communication lost between the agent and the Environmental Monitor.;
APCbatteryIncrease;.1.3.6.1.4.1.318.0.67;Energia;2;Normal;The number of batteries has increased.;
APCbatteryDecrease;.1.3.6.1.4.1.318.0.68;Energia;2;Normal;The number of batteries has decreased.;
APCpowerModuleIncrease;.1.3.6.1.4.1.318.0.69;Energia;2;Normal;The number of power modules has increased.;
APCpowerModuleDecrease;.1.3.6.1.4.1.318.0.70;Energia;2;Normal;The number of power modules has decreased.;
APCintelligenceModuleInserted;.1.3.6.1.4.1.318.0.71;Energia;2;Normal;An intelligence module has been inserted.;
APCintelligenceModuleRemoved;.1.3.6.1.4.1.318.0.72;Energia;2;Normal;An intelligence module has been removed.;
APCrintelligenceModuleInserted;.1.3.6.1.4.1.318.0.73;Energia;2;Normal;A redundant intelligence module has been inserted.;
APCrintelligenceModuleRemoved;.1.3.6.1.4.1.318.0.74;Energia;2;Normal;A redundant intelligence module has been removed.;
APCextBatteryFrameIncease;.1.3.6.1.4.1.318.0.75;Energia;2;Normal;An external battery frame has been added.;
APCextBatteryFrameDecrease;.1.3.6.1.4.1.318.0.76;Energia;2;Normal;An external battery frame has been removed.;
APCabnormalCondition;.1.3.6.1.4.1.318.0.77;Energia;2;Normal;An abnormal condition has been detected.;
APCabnormalConditionCleared;.1.3.6.1.4.1.318.0.78;Energia;2;Normal;An abnormal condition has been cleared.;
APCdeviceStatusChange;.1.3.6.1.4.1.318.0.79;Energia;2;Normal;The status of the device being monitored has changed.;
APCnoBatteries;.1.3.6.1.4.1.318.0.80;Energia;2;Warning;The UPS has no batteries attached.;
APCnoBatteriesCleared;.1.3.6.1.4.1.318.0.81;Energia;2;Normal;.CLEAR: The UPS's batteries have been attached.;
APCuserAdded;.1.3.6.1.4.1.318.0.82;Energia;2;Normal;A new user has been added.;
APCuserDeleted;.1.3.6.1.4.1.318.0.83;Energia;2;Normal;A user has been deleted.;
APCuserModified;.1.3.6.1.4.1.318.0.84;Energia;2;Normal;A user has been modified.;
APCmsvmCommunicationEstablished;.1.3.6.1.4.1.318.0.85;Energia;2;Normal;Communications with the MasterSwitch VM has been established.;
APCmsvmCommunicationLost;.1.3.6.1.4.1.318.0.86;Energia;2;Normal;Communications with the MasterSwitch VM has been lost.;
APCmsvmOverload;.1.3.6.1.4.1.318.0.87;Energia;2;Normal;The MasterSwitch VM is near or at an overload condition.;
APCmsvmOverloadCleared;.1.3.6.1.4.1.318.0.88;Energia;2;Normal;The overload condition on the MasterSwitch VM has been cleared.;
APCmsvmOutletOn;.1.3.6.1.4.1.318.0.89;Energia;2;Normal;An outlet on the MasterSwitch VM has turned on.;
APCmsvmOutletOff;.1.3.6.1.4.1.318.0.90;Energia;2;Normal;An outlet on the MasterSwitch VM has turned off.;
APCmsvmDeviceConfigChange;.1.3.6.1.4.1.318.0.91;Energia;2;Normal;A device configuration change has been made on a MasterSwitch VM.;
APCmsvmOutletConfigChange;.1.3.6.1.4.1.318.0.92;Energia;2;Normal;An outlet configuration change has been made on a MasterSwitch VM.;
APCmsvmLowLoad;.1.3.6.1.4.1.318.0.93;Energia;2;Normal;The MasterSwitch VM has violated the low load threshold.;
APCmsvmLowLoadCleared;.1.3.6.1.4.1.318.0.94;Energia;2;Normal;The low load condition on the MasterSwitch VM has been cleared.;
APCmsvmNearOverload;.1.3.6.1.4.1.318.0.95;Energia;2;Normal;The MasterSwitch VM is near or at an overload condition.;
APCmsvmNearOverloadCleared;.1.3.6.1.4.1.318.0.96;Energia;2;Normal;The overload condition on the MasterSwitch VM has been cleared.;
APCmsvmPowerSupplyStatusChange;.1.3.6.1.4.1.318.0.97;Energia;2;Warning;The power supply status of the MasterSwitch VM has changed.;
APCmspCommunicationEstablished;.1.3.6.1.4.1.318.0.98;Energia;2;Normal;Communications with the MasterSwitch plus has been established.;
APCmspCommunicationLost;.1.3.6.1.4.1.318.0.99;Energia;2;Normal;Communications with the MasterSwitch plus has been lost.;
APCmspOutletOn;.1.3.6.1.4.1.318.0.100;Energia;2;Normal;An outlet on the MasterSwitch plus has turned on.;
APCmspOutletOff;.1.3.6.1.4.1.318.0.101;Energia;2;Normal;An outlet on the MasterSwitch plus has turned off.;
APCmspDeviceConfigChange;.1.3.6.1.4.1.318.0.102;Energia;2;Normal;A device configuration change has been made on a MasterSwitch plus.;
APCmspOutletConfigChange;.1.3.6.1.4.1.318.0.103;Energia;2;Normal;An outlet configuration change has been made on a MasterSwitch plus.;
APCrsSourceSwitched;.1.3.6.1.4.1.318.0.104;Energia;2;Normal;The Redundant Switch has switched source.;
APCrsLostRedundancy;.1.3.6.1.4.1.318.0.105;Energia;2;Normal;The Redundant Switch has lost redundancy.;
APCrsRedundancyRestored;.1.3.6.1.4.1.318.0.106;Energia;2;Normal;Redundancy has been restored to the Redundant Switch .;
APCrsConfigChange;.1.3.6.1.4.1.318.0.107;Energia;2;Normal;A configuration change has been made on a Redundant Switch.;
APCrsCommunicationEstablished;.1.3.6.1.4.1.318.0.108;Energia;2;Normal;Communications with the Redundant Switch has been established.;
APCrsCommunicationLost;.1.3.6.1.4.1.318.0.109;Energia;2;Normal;Communications with the Redundant Switch has been lost.;
APCdcCommunicationEstablished;.1.3.6.1.4.1.318.0.110;Energia;2;Normal;Communications with the DC power plant has been established.;
APCdcCommunicationLost;.1.3.6.1.4.1.318.0.111;Energia;2;Normal;Communications with the DC power plant has been lost.;
APCdcPINChanged;.1.3.6.1.4.1.318.0.112;Energia;2;Normal;The active PIN on the DC controller has been changed.;
APCdcMajorAlarm;.1.3.6.1.4.1.318.0.113;Energia;2;Normal;A Major alarm is active in the DC power plant.;
APCdcMajorAlarmCleared;.1.3.6.1.4.1.318.0.114;Energia;2;Normal;A Major alarm is no longer active in the DC power plant.;
APCdcMinorAlarm;.1.3.6.1.4.1.318.0.115;Energia;2;Warning;A Minor alarm is active in the DC power plant.;
APCdcMinorAlarmCleared;.1.3.6.1.4.1.318.0.116;Energia;2;Normal;A Minor alarm is no longer active in the DC power plant.;
APCdcOutputRelayOn;.1.3.6.1.4.1.318.0.117;Energia;2;Warning;An output relay has gone on in the DC power plant.;
APCdcOutputRelayOff;.1.3.6.1.4.1.318.0.118;Energia;2;Normal;An output relay has gone off in the DC power plant.;
APCdcInputRelayOn;.1.3.6.1.4.1.318.0.119;Energia;2;Warning;An input relay has gone on in the DC power plant.;
APCdcInputRelayOff;.1.3.6.1.4.1.318.0.120;Energia;2;Normal;An input relay has gone off in the DC power plant.;
APClogicPowerSuppliesIncreased;.1.3.6.1.4.1.318.0.121;Energia;2;Normal;The number of system power supplies has increased.;
APClogicPowerSuppliesDecreased;.1.3.6.1.4.1.318.0.122;Energia;2;Normal;The number of system power supplies has decreased.;
APCexternalSwitchGearClosed;.1.3.6.1.4.1.318.0.123;Energia;2;Normal;External Switch Gear closed.;
APCexternalSwitchGearOpened;.1.3.6.1.4.1.318.0.124;Energia;2;Normal;External Switch Gear opened.;
APCgeneralDeviceEvent;.1.3.6.1.4.1.318.0.125;Energia;2;Normal;APC Device event.;
APCatsSourceSwitched;.1.3.6.1.4.1.318.0.126;Energia;2;Normal;The Automatic Transfer Switch has switched source.;
APCatsLostRedundancy;.1.3.6.1.4.1.318.0.127;Energia;2;Normal;The Automatic Transfer Switch has lost redundancy.;
APCatsRedundancyRestored;.1.3.6.1.4.1.318.0.128;Energia;2;Normal;Redundancy has been restored to the Automatic Transfer Switch .;
APCatsConfigChange;.1.3.6.1.4.1.318.0.129;Energia;2;Normal;A configuration change has been made on a Automatic Transfer Switch.;
APCatsCommunicationEstablished;.1.3.6.1.4.1.318.0.130;Energia;2;Normal;Communications with the Automatic Transfer Switch has been established.;
APCatsCommunicationLost;.1.3.6.1.4.1.318.0.131;Energia;2;Normal;Communications with the Automatic Transfer Switch has been lost.;
APCatsOverCurrent;.1.3.6.1.4.1.318.0.132;Energia;2;Normal;Output Current has exceeded Threshold.;
APCatsOverCurrentCleared;.1.3.6.1.4.1.318.0.133;Energia;2;Normal;Output Current has returned below threshold.;
APCatsPowerSupplyFailure;.1.3.6.1.4.1.318.0.134;Energia;2;Normal;The Automatic Transfer Switch Power Supply has failed.;
APCatsPowerSupplyFailureCleared;.1.3.6.1.4.1.318.0.135;Energia;2;Normal;The Automatic Transfer Switch Power Supply Failure Cleared.;
APCdcMainsFailAlarm;.1.3.6.1.4.1.318.0.136;Energia;2;Warning;A Mains Fail alarm is active in the DC power plant.;
APCdcMainsFailAlarmCleared;.1.3.6.1.4.1.318.0.137;Energia;2;Normal;Mains Fail alarm is no longer active in the DC power plant.;
APCdcFanFailAlarm;.1.3.6.1.4.1.318.0.138;Energia;2;Warning;A Fan Fail alarm is active in the DC power plant.;
APCdcFanFailAlarmCleared;.1.3.6.1.4.1.318.0.139;Energia;2;Normal;A Fan Fail alarm is no longer active in the DC power plant.;
APCdcRectifierOvertempAlarm;.1.3.6.1.4.1.318.0.140;Energia;2;Warning;Rect. Overtemp alarm is active in the power plant.;
APCdcRectifierOvertempAlarmCleared;.1.3.6.1.4.1.318.0.141;Energia;2;Normal;Rect. Overtemp alarm is no longer active in the power plant.;
APCdcCurrentLimitAlarm;.1.3.6.1.4.1.318.0.142;Energia;2;Warning;A Current Limit alarm is active in the power plant.;
APCdcCurrentLimitAlarmCleared;.1.3.6.1.4.1.318.0.143;Energia;2;Normal;Current Limit alarm is no longer active in the power plant.;
APCdcRectifierFailAlarm;.1.3.6.1.4.1.318.0.144;Energia;2;Warning;A Rect. Fail alarm is active in the power plant.;
APCdcRectifierFailAlarmCleared;.1.3.6.1.4.1.318.0.145;Energia;2;Normal;Rect. Fail alarm is no longer active in the power plant.;
APCdcMultRectFailAlarm;.1.3.6.1.4.1.318.0.146;Energia;2;Warning;Multiple Rect. Fail alarm is active in the powerplant.;
APCdcMultRectFailAlarmCleared;.1.3.6.1.4.1.318.0.147;Energia;2;Normal;Multiple Rect Fail alarm is no longer active in the powerplant.;
APCdcBatteryBreakerAlarm;.1.3.6.1.4.1.318.0.148;Energia;2;Warning;Batt. Breaker alarm is active in the power plant.;
APCdcBatteryBreakerAlarmCleared;.1.3.6.1.4.1.318.0.149;Energia;2;Normal;Batt. Breaker alarm is no longer active in the power plant.;
APCdcRectifierOVPAlarm;.1.3.6.1.4.1.318.0.150;Energia;2;Warning;A Rect. OVP alarm is active in the power plant.;
APCdcRectifierOVPAlarmCleared;.1.3.6.1.4.1.318.0.151;Energia;2;Normal;A Rect. OVP alarm is no longer active in the power plant.;
APCdcLVDImminentAlarm;.1.3.6.1.4.1.318.0.152;Energia;2;Warning;A LVD Imminent alarm is active in the powerplant.;
APCdcLVDImminentAlarmCleared;.1.3.6.1.4.1.318.0.153;Energia;2;Normal;A LVD Imminent alarm is no longer active in the powerplant.;
APCdcFuseCBAlarm;.1.3.6.1.4.1.318.0.154;Energia;2;Warning;A Fuse/CB alarm is active in the DC power plant.;
APCdcFuseCBAlarmCleared;.1.3.6.1.4.1.318.0.155;Energia;2;Normal;A Fuse/CB alarm is no longer active in the DC power plant.;
APCdcBatteryTestFail;.1.3.6.1.4.1.318.0.156;Energia;2;Warning;A Battery Test failed in the DC power plant.;
APCdcTemperatureAlarm;.1.3.6.1.4.1.318.0.157;Energia;2;Warning;A Temperature alarm is active in the power plant.;
APCdcTemperatureAlarmCleared;.1.3.6.1.4.1.318.0.158;Energia;2;Normal;A Temperature alarm is no longer active in the power plant.;
APCdcHumidityAlarm;.1.3.6.1.4.1.318.0.159;Energia;2;Warning;A Humidity alarm is active in the DC power plant.;
APCdcHumidityAlarmCleared;.1.3.6.1.4.1.318.0.160;Energia;2;Normal;A Humidity alarm is no longer active in the DC power plant.;
APCdcBBCommunicationEstablished;.1.3.6.1.4.1.318.0.161;Energia;2;Normal;Power plant bridging board communications established.;
APCdcBBCommunicationLost;.1.3.6.1.4.1.318.0.162;Energia;2;Normal;Power plant bridging board communications lost.;
APCiemHighTempThresholdViolation;.1.3.6.1.4.1.318.0.163;Energia;2;Normal;High temperature threshold violation.;
APCiemHighTempThresholdViolationCleared;.1.3.6.1.4.1.318.0.164;Energia;2;Normal;High temperature threshold violation has been cleared.;
APCiemLowTempThresholdViolation;.1.3.6.1.4.1.318.0.165;Energia;2;Normal;Low temperature threshold violation.;
APCiemLowTempThresholdViolationCleared;.1.3.6.1.4.1.318.0.166;Energia;2;Normal;Low temperature threshold violation has been cleared.;
APCiemHighHumidThresholdViolation;.1.3.6.1.4.1.318.0.167;Energia;2;Normal;High humidity threshold violation.;
APCiemHighHumidThresholdViolationCleared;.1.3.6.1.4.1.318.0.168;Energia;2;Normal;High humidity threshold violation has been cleared.;
APCiemLowHumidThresholdViolation;.1.3.6.1.4.1.318.0.169;Energia;2;Normal;Low humidity threshold violation.;
APCiemLowHumidThresholdViolationCleared;.1.3.6.1.4.1.318.0.170;Energia;2;Normal;Low humidity threshold violation has been cleared.;
APCiemProbeDisconnected;.1.3.6.1.4.1.318.0.171;Energia;2;Warning;Probe has been disconnected.;
APCiemProbeConnected;.1.3.6.1.4.1.318.0.172;Energia;2;Normal;Probe has been connected.;
APCiemContactFault;.1.3.6.1.4.1.318.0.173;Energia;2;Normal;Contact fault.;
APCiemContactFaultCleared;.1.3.6.1.4.1.318.0.174;Energia;2;Normal;Contact fault cleared.;
APCiemRelayFault;.1.3.6.1.4.1.318.0.175;Energia;2;Normal;Output relay has faulted.;
APCiemRelayFaultCleared;.1.3.6.1.4.1.318.0.176;Energia;2;Normal;Output relay fault cleared.;
APCbmBatManCommEstab;.1.3.6.1.4.1.318.0.177;Energia;2;Normal;Communications Established.;
APCbmBatManCommLost;.1.3.6.1.4.1.318.0.178;Energia;2;Normal;Communications Lost.;
APCbmBatManKneeAlarm;.1.3.6.1.4.1.318.0.179;Energia;2;Normal;Knee Alarm Detected.;
APCbmBatManKneeAlarmCleared;.1.3.6.1.4.1.318.0.180;Energia;2;Normal;Knee Alarm Cleared.;
APCbmBatManChargerAlarm;.1.3.6.1.4.1.318.0.181;Energia;2;Warning;Charger Alarm Detected.;
APCbmBatManChargerAlarmCleared;.1.3.6.1.4.1.318.0.182;Energia;2;Normal;Charger Alarm Cleared.;
APCbmBatManBatteryAlarm;.1.3.6.1.4.1.318.0.183;Energia;2;Warning;Battery Alarm Detected.;
APCbmBatManBatteryAlarmCleared;.1.3.6.1.4.1.318.0.184;Energia;2;Normal;Battery Alarm Cleared.;
APCbmBatManEnvironmentAlarm;.1.3.6.1.4.1.318.0.185;Energia;2;Warning;Environment Alarm Detected.;
APCbmBatManEnvironmentAlarmCleared;.1.3.6.1.4.1.318.0.186;Energia;2;Normal;Environment Alarm Cleared.;
APCbmBatManMaintenanceAlarm;.1.3.6.1.4.1.318.0.187;Energia;2;Normal;Maintenance Due Alarm Detected.;
APCbmBatManMaintenanceAlarmCleared;.1.3.6.1.4.1.318.0.188;Energia;2;Normal;Maintenance Due Alarm Cleared.;
APCpduCommunicationEstablished;.1.3.6.1.4.1.318.0.189;Energia;2;Normal;Communication Established.;
APCpduCommunicationLost;.1.3.6.1.4.1.318.0.190;Energia;2;Normal;Communication Lost.;
APCpduUtilityLineUndervoltage;.1.3.6.1.4.1.318.0.191;Energia;2;Normal;Utility Line Undervoltage.;
APCpduUtilityLineUndervoltageCleared;.1.3.6.1.4.1.318.0.192;Energia;2;Normal;Utility Line Undervoltage Cleared.;
APCpduUtilityLineOvervoltage;.1.3.6.1.4.1.318.0.193;Energia;2;Normal;Utility Line Overvoltage.;
APCpduUtilityLineOvervoltageCleared;.1.3.6.1.4.1.318.0.194;Energia;2;Normal;Utility Line Overvoltage Cleared.;
APCpduGroundOvercurrent;.1.3.6.1.4.1.318.0.195;Energia;2;Normal;Ground Overcurrent.;
APCpduGroundOvercurrentCleared;.1.3.6.1.4.1.318.0.196;Energia;2;Normal;Ground Overcurrent Cleared.;
APCpduCircuitPanelInputUndervoltage;.1.3.6.1.4.1.318.0.197;Energia;2;Normal;Circuit Panel Input Undervoltage.;
APCpduCircuitPanelInputUndervoltageCleared;.1.3.6.1.4.1.318.0.198;Energia;2;Normal;Circuit Panel Input Undervoltage Cleared.;
APCpduCircuitPanelInputOvervoltage;.1.3.6.1.4.1.318.0.199;Energia;2;Normal;Circuit Panel Input Overvoltage.;
APCpduCircuitPanelInputOvervoltageCleared;.1.3.6.1.4.1.318.0.200;Energia;2;Normal;Circuit Panel Input Overvoltage Cleared.;
APCpduCircuitPanelInputUndercurrent;.1.3.6.1.4.1.318.0.201;Energia;2;Normal;Circuit Panel Input Undercurrent.;
APCpduCircuitPanelInputUndercurrentCleared;.1.3.6.1.4.1.318.0.202;Energia;2;Normal;Circuit Panel Input Undercurrent Cleared.;
APCpduCircuitPanelInputOvercurrent;.1.3.6.1.4.1.318.0.203;Energia;2;Normal;Circuit Panel Input Overcurrent.;
APCpduCircuitPanelInputOvercurrentCleared;.1.3.6.1.4.1.318.0.204;Energia;2;Normal;Circuit Panel Input Overcurrent Cleared.;
APCpduCircuitPanelFrequencyOutOfRange;.1.3.6.1.4.1.318.0.205;Energia;2;Normal;Circuit Panel Input Frequency Out Of Range.;
APCpduCircuitPanelFrequencyOutofRangeCleared;.1.3.6.1.4.1.318.0.206;Energia;2;Normal;Circuit Panel Input Frequency No Longer Out Of Range.;
APCpduCircuitPanelNeutralOvercurrent;.1.3.6.1.4.1.318.0.207;Energia;2;Normal;Circuit Panel Input Neutral Overcurrent.;
APCpduCircuitPanelNeutralOvercurrentCleared;.1.3.6.1.4.1.318.0.208;Energia;2;Normal;Circuit Panel Input Neutral Overcurrent Cleared.;
APCpduSystemOff;.1.3.6.1.4.1.318.0.209;Energia;2;Normal;PDU System Off.;
APCpduOnBatteryMode;.1.3.6.1.4.1.318.0.210;Energia;2;Normal;PDU is in On Battery Mode.;
APCpduMaintenanceBypassMode;.1.3.6.1.4.1.318.0.211;Energia;2;Normal;PDU is in Maintenance Bypass Mode.;
APCpduAtypicalBypassMode;.1.3.6.1.4.1.318.0.212;Energia;2;Warning;PDU is in Atypical Bypass Mode.;
APCpduNoPanelFeedMode;.1.3.6.1.4.1.318.0.213;Energia;2;Normal;PDU is in No Panel Feed Mode.;
APCpduUpsOperationMode;.1.3.6.1.4.1.318.0.214;Energia;2;Normal;PDU is in Ups Operation Mode.;
APCpduForcedBypassMode;.1.3.6.1.4.1.318.0.215;Energia;2;Warning;PDU is in Forced Bypass Mode.;
APCpduInputTransformerOverTemperature;.1.3.6.1.4.1.318.0.216;Energia;2;Normal;Input Transformer Over Temperature.;
APCpduInputTransformerOverTemperatureCleared;.1.3.6.1.4.1.318.0.217;Energia;2;Normal;Input Transformer Over Temperature Cleared.;
APCpduUPSInputVoltageLost;.1.3.6.1.4.1.318.0.218;Energia;2;Normal;UPS Input Voltage phaseN Lost.;
APCpduUPSInputVoltageRestored;.1.3.6.1.4.1.318.0.219;Energia;2;Normal;UPS Input Voltage phaseN Restored.;
APCpduContactFault;.1.3.6.1.4.1.318.0.220;Energia;2;Normal;Contact Abnormal.;
APCpduContactFaultCleared;.1.3.6.1.4.1.318.0.221;Energia;2;Normal;Contact Normal.;
APCrPDUBankPhaseLowLoad;.1.3.6.1.4.1.318.0.222;Energia;2;Warning;A bank or phase on the Rack PDU has violated the low load threshold.;
APCrPDUBankPhaseLowLoadCleared;.1.3.6.1.4.1.318.0.223;Energia;2;Normal;The bank or phase low load condition on a Rack PDU has been cleared.;
APCrPDUBankPhaseNearOverload;.1.3.6.1.4.1.318.0.224;Energia;2;Warning;A bank or phase of the Rack PDU is near an overload condition.;
APCrPDUBankPhaseNearOverloadCleared;.1.3.6.1.4.1.318.0.225;Energia;2;Normal;Rack PDU bank or phase near overload condition has cleared.;
APCrPDUBankPhaseOverload;.1.3.6.1.4.1.318.0.226;Energia;2;Normal;A bank or phase of the Rack PDU is in an overload condition.;
APCrPDUBankPhaseOverloadCleared;.1.3.6.1.4.1.318.0.227;Energia;2;Normal;The bank or phase overload condition on a Rack PDU has cleared.;
APCaruDeviceConfigChange;.1.3.6.1.4.1.318.0.228;Energia;2;Normal;ARU device configuration change.;
APCrmPDUCommunicationLost;.1.3.6.1.4.1.318.0.229;Energia;2;Normal;Communication Lost.;
APCemsCommunicationEstablished;.1.3.6.1.4.1.318.0.230;Energia;2;Normal;Communication Established.;
APCemsCommunicationLost;.1.3.6.1.4.1.318.0.231;Energia;2;Normal;Communication Lost.;
APCemsProbeConnected;.1.3.6.1.4.1.318.0.232;Energia;2;Normal;Probe Connected.;
APCemsProbeDisconnected;.1.3.6.1.4.1.318.0.233;Energia;2;Normal;Probe Disconnected.;
APCemsSensorConnected;.1.3.6.1.4.1.318.0.234;Energia;2;Normal;Sensor Connected.;
APCemsSensorDisconnected;.1.3.6.1.4.1.318.0.235;Energia;2;Normal;Sensor Disconnected.;
APCemsSensorFault;.1.3.6.1.4.1.318.0.236;Energia;2;Normal;Sensor Fault.;
APCemsSensorFaultCleared;.1.3.6.1.4.1.318.0.237;Energia;2;Normal;Sensor Fault Cleared.;
APCemsBeaconConnected;.1.3.6.1.4.1.318.0.238;Energia;2;Normal;Beacon Connected.;
APCemsBeaconDisconnected;.1.3.6.1.4.1.318.0.239;Energia;2;Normal;Beacon Disconnected.;
APCemsBeaconOn;.1.3.6.1.4.1.318.0.240;Energia;2;Normal;Beacon On.;
APCemsBeaconOff;.1.3.6.1.4.1.318.0.241;Energia;2;Normal;Beacon Off.;
APCemsMajorAlarm;.1.3.6.1.4.1.318.0.242;Energia;2;Normal;Major Alarm.;
APCemsMajorAlarmCleared;.1.3.6.1.4.1.318.0.243;Energia;2;Normal;Major Alarm Cleared.;
APCemsMinorAlarm;.1.3.6.1.4.1.318.0.244;Energia;2;Normal;Minor Alarm.;
APCemsMinorAlarmCleared;.1.3.6.1.4.1.318.0.245;Energia;2;Normal;Minor Alarm Cleared.;
APCemsOutletStateAbnormal;.1.3.6.1.4.1.318.0.246;Energia;2;Warning;Outlet has changed to its abnormal state.;
APCemsOutletStateNormal;.1.3.6.1.4.1.318.0.247;Energia;2;Normal;Outlet has changed to its normal state.;
APCemsInputContactStateAbnormal;.1.3.6.1.4.1.318.0.248;Energia;2;Warning;Input contact has changed to its abnormal state.;
APCemsInputContactStateNormal;.1.3.6.1.4.1.318.0.249;Energia;2;Normal;Input contact has changed to its normal state.;
APCemsOutputRelayStateAbnormal;.1.3.6.1.4.1.318.0.250;Energia;2;Warning;Output Relay has changed to its abnormal state.;
APCemsOutputRelayStateNormal;.1.3.6.1.4.1.318.0.251;Energia;2;Normal;Output Relay has changed to its normal state.;
APCemsDeviceConfigChange;.1.3.6.1.4.1.318.0.252;Energia;2;Normal;A device configuration change has been made on a EMS.;
APCenvHighTempThresholdViolation;.1.3.6.1.4.1.318.0.253;Energia;2;Normal;High temperature threshold violation.;
APCenvHighTempThresholdViolationCleared;.1.3.6.1.4.1.318.0.254;Energia;2;Normal;High temperature threshold violation cleared.;
APCenvLowTempThresholdViolation;.1.3.6.1.4.1.318.0.255;Energia;2;Normal;Low temperature threshold violation.;
APCenvLowTempThresholdViolationCleared;.1.3.6.1.4.1.318.0.256;Energia;2;Normal;Low temperature threshold violation cleared.;
APCenvHighHumidityThresholdViolation;.1.3.6.1.4.1.318.0.257;Energia;2;Normal;High humidity threshold violation.;
APCenvHighHumidityThresholdViolationCleared;.1.3.6.1.4.1.318.0.258;Energia;2;Normal;High humidity threshold violation cleared.;
APCenvLowHumidityThresholdViolation;.1.3.6.1.4.1.318.0.259;Energia;2;Normal;Low humidity threshold violation.;
APCenvLowHumidityThresholdViolationCleared;.1.3.6.1.4.1.318.0.260;Energia;2;Normal;Low humidity threshold violation cleared.;
APCrPDUCommunicationEstablished;.1.3.6.1.4.1.318.0.266;Energia;2;Normal;Communication with a Rack PDU established.;
APCrPDUCommunicationLost;.1.3.6.1.4.1.318.0.267;Energia;2;Normal;Communication with a Rack PDU has been lost.;
APCrPDUOutletOn;.1.3.6.1.4.1.318.0.268;Energia;2;Normal;An outlet on a Switched Rack PDU has turned on.;
APCrPDUOutletOff;.1.3.6.1.4.1.318.0.269;Energia;2;Normal;An outlet on a Switched Rack PDU has turned off.;
APCrPDUDeviceConfigChange;.1.3.6.1.4.1.318.0.270;Energia;2;Normal;Device configuration change has been made on a Rack PDU.;
APCrPDUOutletConfigChange;.1.3.6.1.4.1.318.0.271;Energia;2;Normal;Outlet configuration change has been made on a Switched Rack PDU.;
APCrPDULowLoad;.1.3.6.1.4.1.318.0.272;Energia;2;Warning;A Rack PDU has violated the low load threshold.;
APCrPDULowLoadCleared;.1.3.6.1.4.1.318.0.273;Energia;2;Normal;The low load condition on a Rack PDU has been cleared.;
APCrPDUNearOverload;.1.3.6.1.4.1.318.0.274;Energia;2;Warning;A Rack PDU is near an overload condition.;
APCrPDUNearOverloadCleared;.1.3.6.1.4.1.318.0.275;Energia;2;Normal;Rack PDU near overload condition has cleared.;
APCrPDUOverload;.1.3.6.1.4.1.318.0.276;Energia;2;Normal;A Rack PDU is in an overload condition.;
APCrPDUOverloadCleared;.1.3.6.1.4.1.318.0.277;Energia;2;Normal;The overload condition on a Rack PDU has cleared.;
APCrPDUPowerSupply1Fail;.1.3.6.1.4.1.318.0.278;Energia;2;Normal;Power Supply 1 on Rack PDU is in FAIL state.;
APCrPDUPowerSupply1Ok;.1.3.6.1.4.1.318.0.279;Energia;2;Normal;Power Supply 1 on Rack PDU is operating normally.;
APCrPDUPowerSupply2Fail;.1.3.6.1.4.1.318.0.280;Energia;2;Normal;Power Supply 2 on Rack PDU is in FAIL state.;
APCrPDUPowerSupply2Ok;.1.3.6.1.4.1.318.0.281;Energia;2;Normal;Power Supply 2 on Rack PDU is operating normally.;
APCrPDUPhaseConfigChange;.1.3.6.1.4.1.318.0.282;Energia;2;Normal;Phase configuration change has been made on a Rack PDU.;
APCrPDUCancelPendingCommand;.1.3.6.1.4.1.318.0.283;Energia;2;Normal;A Cancel Pending Command has been made on a Switched Rack PDU.;
APCaruAlinkCommunicationEstablished;.1.3.6.1.4.1.318.0.284;Energia;2;Normal;Communication Established.;
APCaruAlinkCommunicationLost;.1.3.6.1.4.1.318.0.285;Energia;2;Normal;Communication Lost.;
APCaruFanFail;.1.3.6.1.4.1.318.0.286;Energia;2;Normal;Fan Fail.;
APCaruFanFailCleared;.1.3.6.1.4.1.318.0.287;Energia;2;Normal;Fan Fail Cleared.;
APCaruSmokeAlarm;.1.3.6.1.4.1.318.0.288;Energia;2;Normal;Smoke Alarm.;
APCaruSmokeAlarmCleared;.1.3.6.1.4.1.318.0.289;Energia;2;Normal;Smoke Alarm Cleared.;
APCaruHighTemperatureAlarm;.1.3.6.1.4.1.318.0.290;Energia;2;Warning;High Temperature Alarm.;
APCaruHighTemperatureAlarmCleared;.1.3.6.1.4.1.318.0.291;Energia;2;Normal;High Temperature Alarm Cleared.;
APCaruExhaustTemperatureAlarm;.1.3.6.1.4.1.318.0.292;Energia;2;Normal;Exhaust Temperature Alarm.;
APCaruExhaustTemperatureAlarmCleared;.1.3.6.1.4.1.318.0.293;Energia;2;Normal;Exhaust Temperature Alarm Cleared.;
APCenvAlinkCommunicationEstablished;.1.3.6.1.4.1.318.0.294;Energia;2;Normal;Communication Established.;
APCenvAlinkCommunicationLost;.1.3.6.1.4.1.318.0.295;Energia;2;Normal;Communication Lost.;
APCemsAlinkPowerOverload;.1.3.6.1.4.1.318.0.296;Energia;2;Normal;Alink Power Overload.;
APCemsAlinkPowerOverloadCleared;.1.3.6.1.4.1.318.0.297;Energia;2;Normal;Alink Power Overload Cleared.;
APCupsOutletGroupTurnedOn;.1.3.6.1.4.1.318.0.298;Energia;2;Normal;Outlet Group turned on;
APCupsOutletGroupTurnedOff;.1.3.6.1.4.1.318.0.299;Energia;2;Warning;Outlet Group turned off.;
APCsmwCriticalCondition;.1.3.6.1.4.1.318.0.300;Energia;2;Normal;A critical condition has been detected.;
APCsmwCriticalConditionCleared;.1.3.6.1.4.1.318.0.301;Energia;2;Normal;A critical condition has been cleared.;
APCsmwWarningCondition;.1.3.6.1.4.1.318.0.302;Energia;2;Warning;A warning condition has been detected.;
APCsmwWarningConditionCleared;.1.3.6.1.4.1.318.0.303;Energia;2;Normal;A warning condition has been cleared.;
APCsmwInformationalCondition;.1.3.6.1.4.1.318.0.304;Energia;2;Normal;An informational condition has been detected.;
APCsmwInformationalConditionCleared;.1.3.6.1.4.1.318.0.305;Energia;2;Normal;An informational condition has been cleared.;
APCairCriticalCondition;.1.3.6.1.4.1.318.0.306;Energia;2;Normal;A critical condition was detected.;
APCairCriticalConditionCleared;.1.3.6.1.4.1.318.0.307;Energia;2;Normal;A critical condition was cleared.;
APCairWarningCondition;.1.3.6.1.4.1.318.0.308;Energia;2;Warning;A warning condition was detected.;
APCairWarningConditionCleared;.1.3.6.1.4.1.318.0.309;Energia;2;Normal;A warning condition was cleared.;
APCairInformationalCondition;.1.3.6.1.4.1.318.0.310;Energia;2;Normal;An informational condition was detected.;
APCairInformationalConditionCleared;.1.3.6.1.4.1.318.0.311;Energia;2;Normal;An informational condition was cleared.;
APCxPDUInputVoltageLowAlarm;.1.3.6.1.4.1.318.0.312;Energia;2;Normal;Input voltage is below threshold.;
APCxPDUInputVoltageLowAlarmCleared;.1.3.6.1.4.1.318.0.313;Energia;2;Normal;Main input low voltage cleared.;
APCxPDUInputVoltageHighAlarm;.1.3.6.1.4.1.318.0.314;Energia;2;Normal;Main input voltage is above threshold.;
APCxPDUInputVoltageHighAlarmCleared;.1.3.6.1.4.1.318.0.315;Energia;2;Normal;Main input high voltage alarm cleared.;
APCxPDUBypassVoltageLowAlarm;.1.3.6.1.4.1.318.0.316;Energia;2;Normal;Bypass input voltage is below threshold.;
APCxPDUBypassVoltageLowAlarmCleared;.1.3.6.1.4.1.318.0.317;Energia;2;Normal;Bypass input low voltage alarm cleared.;
APCxPDUBypassVoltageHighAlarm;.1.3.6.1.4.1.318.0.318;Energia;2;Normal;Bypass input voltage is above threshold.;
APCxPDUBypassVoltageHighAlarmCleared;.1.3.6.1.4.1.318.0.319;Energia;2;Normal;Bypass input voltage alarm cleared.;
APCxPDUOutputVoltageLowAlarm;.1.3.6.1.4.1.318.0.320;Energia;2;Normal;Output voltage is below threshold.;
APCxPDUOutputVoltageLowAlarmCleared;.1.3.6.1.4.1.318.0.321;Energia;2;Normal;Output low voltage alarm cleared.;
APCxPDUOutputVoltageHighAlarm;.1.3.6.1.4.1.318.0.322;Energia;2;Normal;Output voltage is above threshold.;
APCxPDUOutputVoltageHighAlarmCleared;.1.3.6.1.4.1.318.0.323;Energia;2;Normal;Output high voltage alarm cleared.;
APCxPDUOutputCurrentLowAlarm;.1.3.6.1.4.1.318.0.324;Energia;2;Normal;Output current is below threshold.;
APCxPDUOutputCurrentLowAlarmCleared;.1.3.6.1.4.1.318.0.325;Energia;2;Normal;Output low current alarm cleared.;
APCxPDUOutputCurrentHighAlarm;.1.3.6.1.4.1.318.0.326;Energia;2;Normal;Output current is above threshold.;
APCxPDUOutputCurrentHighAlarmCleared;.1.3.6.1.4.1.318.0.327;Energia;2;Normal;Output high current alarm cleared.;
APCxPDUOutputFrequencyAlarm;.1.3.6.1.4.1.318.0.328;Energia;2;Normal;Output frequency is outofrange.;
APCxPDUOutputFrequencyAlarmCleared;.1.3.6.1.4.1.318.0.329;Energia;2;Normal;Output frequency in range.;
APCxPDUSystemGroundCurrentAlarm;.1.3.6.1.4.1.318.0.330;Energia;2;Normal;Earth ground current is above threshold.;
APCxPDUSystemGroundCurrentAlarmCleared;.1.3.6.1.4.1.318.0.331;Energia;2;Normal;Earth ground high current alarm cleared.;
APCxPDUInputContactStateAbnormal;.1.3.6.1.4.1.318.0.332;Energia;2;Normal;Input contact has changed to its abnormal state.;
APCxPDUInputContactStateNormal;.1.3.6.1.4.1.318.0.333;Energia;2;Normal;Input contact has changed to its normal state.;
APCxPDUOutputNeutralCurrentHighAlarm;.1.3.6.1.4.1.318.0.334;Energia;2;Warning;Output neutral current is above threshold.;
APCxPDUOutputNeutralCurrentHighAlarmCleared;.1.3.6.1.4.1.318.0.335;Energia;2;Normal;Output neutral high current alarm cleared.;
APCxPDUCoolingFanAlarm;.1.3.6.1.4.1.318.0.336;Energia;2;Normal;Cooling fan failure.;
APCxPDUCoolingFanAlarmCleared;.1.3.6.1.4.1.318.0.337;Energia;2;Normal;Cooling fan alarm cleared.;
APCxPDUTransformerTempAlarm;.1.3.6.1.4.1.318.0.338;Energia;2;Normal;Transformer temp alarm.;
APCxPDUTransformerTempAlarmCleared;.1.3.6.1.4.1.318.0.339;Energia;2;Normal;Transformer temp alarm cleared.;
APCxPDUBranchCurrentLowAlarm;.1.3.6.1.4.1.318.0.340;Energia;2;Warning;Branch circuit current is below threshold.;
APCxPDUBranchCurrentLowAlarmCleared;.1.3.6.1.4.1.318.0.341;Energia;2;Normal;Branch circuit low current alarm cleared.;
APCxPDUBranchCurrentHighAlarm;.1.3.6.1.4.1.318.0.342;Energia;2;Warning;Branch circuit current is above threshold.;
APCxPDUBranchCurrentHighAlarmCleared;.1.3.6.1.4.1.318.0.343;Energia;2;Normal;Branch circuit high current alarm cleared.;
APCxPDUInternalCommError;.1.3.6.1.4.1.318.0.344;Energia;2;Normal;Internal communication error.;
APCemsHardwareStateAbnormal;.1.3.6.1.4.1.318.0.345;Energia;2;Normal;Hardware is in an abnormal state.;
APCemsHardwareStateNormal;.1.3.6.1.4.1.318.0.346;Energia;2;Normal;Hardware is in its normal state.;
APCceSevereCondition;.1.3.6.1.4.1.318.0.347;Energia;2;Normal;A severe condition was detected.;
APCceSevereConditionCleared;.1.3.6.1.4.1.318.0.348;Energia;2;Normal;A severe condition was cleared.;
APCceWarningCondition;.1.3.6.1.4.1.318.0.349;Energia;2;Warning;A warning condition was detected.;
APCceWarningConditionCleared;.1.3.6.1.4.1.318.0.350;Energia;2;Normal;A warning condition was cleared.;
APCceInformationalCondition;.1.3.6.1.4.1.318.0.351;Energia;2;Normal;An informational condition was detected.;
APCceInformationalConditionCleared;.1.3.6.1.4.1.318.0.352;Energia;2;Normal;An informational condition was cleared.;
APCupsInternalOverTemperature;.1.3.6.1.4.1.318.0.353;Energia;2;Warning;The internal over temperature condition exists.;
APCupsInternalOverTemperatureCleared;.1.3.6.1.4.1.318.0.354;Energia;2;Normal;The internal over temperature condition cleared.;
APCupsMpuReset;.1.3.6.1.4.1.318.0.355;Energia;2;Normal;The MPU has been reset.;
APCupsOutputSwitchClosed;.1.3.6.1.4.1.318.0.356;Energia;2;Normal;The Output Switch is closed.;
APCupsOutputSwitchOpened;.1.3.6.1.4.1.318.0.357;Energia;2;Normal;The Output Switch is open.;
APCupsCalibrationStackChanged;.1.3.6.1.4.1.318.0.358;Energia;2;Normal;A calibration value in the stack was changed.;
APCenvMaxTempThresholdViolation;.1.3.6.1.4.1.318.0.359;Energia;2;Normal;Max temperature threshold violation.;
APCenvMaxTempThresholdViolationCleared;.1.3.6.1.4.1.318.0.360;Energia;2;Normal;Max temperature threshold violation cleared.;
APCenvMinTempThresholdViolation;.1.3.6.1.4.1.318.0.361;Energia;2;Normal;Min temperature threshold violation.;
APCenvMinTempThresholdViolationCleared;.1.3.6.1.4.1.318.0.362;Energia;2;Normal;Min temperature threshold violation cleared.;
APCenvMaxHumidityThresholdViolation;.1.3.6.1.4.1.318.0.363;Energia;2;Normal;Max humidity threshold violation.;
APCenvMaxHumidityThresholdViolationCleared;.1.3.6.1.4.1.318.0.364;Energia;2;Normal;Max humidity threshold violation cleared.;
APCenvMinHumidityThresholdViolation;.1.3.6.1.4.1.318.0.365;Energia;2;Normal;Min humidity threshold violation.;
APCenvMinHumidityThresholdViolationCleared;.1.3.6.1.4.1.318.0.366;Energia;2;Normal;Min humidity threshold violation cleared.;
APCenvSTIncTempRateViolation;.1.3.6.1.4.1.318.0.367;Energia;2;Normal;Shortterm inc. temp rate violation.;
APCenvSTIncTempRateViolationCleared;.1.3.6.1.4.1.318.0.368;Energia;2;Normal;Shortterm inc. temp rate violation cleared.;
APCenvSTDecTempRateViolation;.1.3.6.1.4.1.318.0.369;Energia;2;Normal;Shortterm dec. temp rate violation.;
APCenvSTDecTempRateViolationCleared;.1.3.6.1.4.1.318.0.370;Energia;2;Normal;Shortterm dec. temp rate violation cleared.;
APCenvLTIncTempRateViolation;.1.3.6.1.4.1.318.0.371;Energia;2;Normal;Longterm inc. temp rate violation.;
APCenvLTIncTempRateViolationCleared;.1.3.6.1.4.1.318.0.372;Energia;2;Normal;Longterm inc. temp rate violation cleared.;
APCenvLTDecTempRateViolation;.1.3.6.1.4.1.318.0.373;Energia;2;Normal;Longterm dec. temp rate violation.;
APCenvLTDecTempRateViolationCleared;.1.3.6.1.4.1.318.0.374;Energia;2;Normal;Longterm dec. temp rate violation cleared.;
APCbmsCriticalCondition;.1.3.6.1.4.1.318.0.375;Energia;2;Normal;A critical condition was detected.;
APCbmsCriticalConditionCleared;.1.3.6.1.4.1.318.0.376;Energia;2;Normal;A critical condition was cleared.;
APCbmsWarningCondition;.1.3.6.1.4.1.318.0.377;Energia;2;Warning;A warning condition was detected.;
APCbmsWarningConditionCleared;.1.3.6.1.4.1.318.0.378;Energia;2;Normal;A warning condition was cleared.;
APCbmsInformationalCondition;.1.3.6.1.4.1.318.0.379;Energia;2;Normal;An informational condition was detected.;
APCbmsInformationalConditionCleared;.1.3.6.1.4.1.318.0.380;Energia;2;Normal;An informational condition was cleared.;
APCxATSOutputVoltageLowAlarm;.1.3.6.1.4.1.318.0.381;Energia;2;Normal;Output voltage is below threshold.;
APCxATSOutputVoltageLowAlarmCleared;.1.3.6.1.4.1.318.0.382;Energia;2;Normal;Output low voltage alarm cleared.;
APCxATSOutputVoltageHighAlarm;.1.3.6.1.4.1.318.0.383;Energia;2;Normal;Output voltage is above threshold.;
APCxATSOutputVoltageHighAlarmCleared;.1.3.6.1.4.1.318.0.384;Energia;2;Normal;Output high voltage alarm cleared.;
APCxATSOutputCurrentLowAlarm;.1.3.6.1.4.1.318.0.385;Energia;2;Normal;Output current is below threshold.;
APCxATSOutputCurrentLowAlarmCleared;.1.3.6.1.4.1.318.0.386;Energia;2;Normal;Output low current alarm cleared.;
APCxATSOutputCurrentHighAlarm;.1.3.6.1.4.1.318.0.387;Energia;2;Normal;Output current is above threshold.;
APCxATSOutputCurrentHighAlarmCleared;.1.3.6.1.4.1.318.0.388;Energia;2;Normal;Output high current alarm cleared.;
APCxATSOutputFrequencyAlarm;.1.3.6.1.4.1.318.0.389;Energia;2;Normal;Output frequency is outofrange.;
APCxATSOutputFrequencyAlarmCleared;.1.3.6.1.4.1.318.0.390;Energia;2;Normal;Output frequency in range.;
APCxATSInternalCommError;.1.3.6.1.4.1.318.0.391;Energia;2;Normal;Internal communication error.;
APCxATSInternalCommErrorCleared;.1.3.6.1.4.1.318.0.392;Energia;2;Normal;ATS Communication error cleared.;
APCxATSDataCommMismatchError;.1.3.6.1.4.1.318.0.393;Energia;2;Normal;ATS data mismatch error.;
APCxATSDataCommMismatchErrorCleared;.1.3.6.1.4.1.318.0.394;Energia;2;Normal;ATS data mismatch error cleared.;
APCxATSGenCommLost;.1.3.6.1.4.1.318.0.395;Energia;2;Warning;ATS/Generator communication lost.;
APCxATSGenCommEstablished;.1.3.6.1.4.1.318.0.396;Energia;2;Normal;ATS/generator communication established.;
APCxATSNeutralPosition;.1.3.6.1.4.1.318.0.397;Energia;2;Warning;Transferred to neutral.;
APCxATSSwitchTransferEvent;.1.3.6.1.4.1.318.0.398;Energia;2;Normal;SourcetoSource transfer.;
APCxATSInternalATSFault;.1.3.6.1.4.1.318.0.399;Energia;2;Normal;ATS internal fault detected.;
APCxATSInternalATSFaultCleared;.1.3.6.1.4.1.318.0.400;Energia;2;Normal;ATS internal fault cleared.;
APCxATSEngineStartAsserted;.1.3.6.1.4.1.318.0.401;Energia;2;Normal;Engine Start asserted.;
APCxATSEngineStopAsserted;.1.3.6.1.4.1.318.0.402;Energia;2;Normal;Engine Stop asserted.;
APCxATSStartFailure;.1.3.6.1.4.1.318.0.403;Energia;2;Normal;Generator failed to start.;
APCxATSStopFailure;.1.3.6.1.4.1.318.0.404;Energia;2;Warning;Generator failed to stop.;
APCxATSNotInAutomaticMode;.1.3.6.1.4.1.318.0.405;Energia;2;Normal;ATS not in auto.;
APCxATSNotInAutomaticModeCleared;.1.3.6.1.4.1.318.0.406;Energia;2;Normal;ATS in auto mode.;
APCxATSEpoTripped;.1.3.6.1.4.1.318.0.407;Energia;2;Normal;EPO tripped.;
APCxATSEpoReset;.1.3.6.1.4.1.318.0.408;Energia;2;Normal;EPO armed.;
APCxATSEpoTestMode;.1.3.6.1.4.1.318.0.409;Energia;2;Warning;EPO disabled.;
APCxATSEpoArmed;.1.3.6.1.4.1.318.0.410;Energia;2;Normal;EPO armed.;
APCxATSTestInitiated;.1.3.6.1.4.1.318.0.411;Energia;2;Normal;Test initiated.;
APCxATSTestCanceled;.1.3.6.1.4.1.318.0.412;Energia;2;Normal;Test canceled.;
APCxATSTestFailed;.1.3.6.1.4.1.318.0.413;Energia;2;Normal;Initiated test failed.;
APCxATSTestPassed;.1.3.6.1.4.1.318.0.414;Energia;2;Normal;Initiated test passed.;
APCxATSInputContactStateAbnormal;.1.3.6.1.4.1.318.0.415;Energia;2;Normal;Input contact has changed to its abnormal state.;
APCxATSInputContactStateNormal;.1.3.6.1.4.1.318.0.416;Energia;2;Normal;Input contact has changed to its normal state.;
APCxATSRemoteStartContactMismatch;.1.3.6.1.4.1.318.0.417;Energia;2;Normal;Generator/ATS start contact mismatch.;
APCxATSRemoteStartContactMismatchCleared;.1.3.6.1.4.1.318.0.418;Energia;2;Normal;Generator/ATS start contact mismatch cleared.;
APCxATSDoorOpenAlarm;.1.3.6.1.4.1.318.0.419;Energia;2;Warning;Panel door open alarm.;
APCxATSDoorOpenAlarmCleared;.1.3.6.1.4.1.318.0.420;Energia;2;Normal;Panel door open alarm cleared.;
APCxATSDCBackupAlarm;.1.3.6.1.4.1.318.0.421;Energia;2;Warning;ATS DC backup failure.;
APCxATSDCBackupAlarmCleared;.1.3.6.1.4.1.318.0.422;Energia;2;Normal;DC backup alarm cleared.;
APCxATSGeneratorLowCoolantLevelAlarm;.1.3.6.1.4.1.318.0.423;Energia;2;Normal;Generator low coolant level alarm.;
APCxATSGeneratorLowCoolantLevelAlarmCleared;.1.3.6.1.4.1.318.0.424;Energia;2;Normal;Generator low coolant level alarm cleared.;
APCxATSGeneratorVeryLowCoolantLevelAlarm;.1.3.6.1.4.1.318.0.425;Energia;2;Normal;Generator very low coolant level alarm.;
APCxATSGeneratorVeryLowCoolantLevelAlarmCleared;.1.3.6.1.4.1.318.0.426;Energia;2;Normal;Generator very low coolant level alarm cleared.;
APCxATSGeneratorHighCoolantTempAlarm;.1.3.6.1.4.1.318.0.427;Energia;2;Normal;Generator high coolant temperature alarm.;
APCxATSGeneratorHighCoolantTempAlarmCleared;.1.3.6.1.4.1.318.0.428;Energia;2;Normal;Generator high coolant temperature alarm cleared.;
APCxATSGeneratorVeryHighCoolantTempAlarm;.1.3.6.1.4.1.318.0.429;Energia;2;Normal;Generator very high coolant temperature alarm.;
APCxATSGeneratorVeryHighCoolantTempAlarmCleared;.1.3.6.1.4.1.318.0.430;Energia;2;Normal;Generator very high coolant temperature alarm cleared.;
APCxATSGeneratorLowCoolantTempAlarm;.1.3.6.1.4.1.318.0.431;Energia;2;Warning;Generator low coolant temperature alarm.;
APCxATSGeneratorLowCoolantTempAlarmCleared;.1.3.6.1.4.1.318.0.432;Energia;2;Normal;Generator low coolant temperature alarm cleared.;
APCxATSGeneratorLowOilLevelAlarm;.1.3.6.1.4.1.318.0.433;Energia;2;Normal;Generator low oil level alarm.;
APCxATSGeneratorLowOilLevelAlarmCleared;.1.3.6.1.4.1.318.0.434;Energia;2;Normal;Generator low oil level alarm cleared.;
APCxATSGeneratorLowBatteryVoltDuringCrankAlarm;.1.3.6.1.4.1.318.0.435;Energia;2;Normal;Generator low battery volts while cranking alarm.;
APCxATSGeneratorLowBatteryVoltDuringCrankAlarmCleared;.1.3.6.1.4.1.318.0.436;Energia;2;Normal;Generator low battery volts while cranking alarm cleared.;
APCxATSGeneratorVeryLowBatteryVoltDuringCrankAlarm;.1.3.6.1.4.1.318.0.437;Energia;2;Normal;Generator v.low battery volts while cranking alarm.;
APCxATSGeneratorVeryLowBatteryVoltDuringCrankAlarmCleared;.1.3.6.1.4.1.318.0.438;Energia;2;Normal;Generator v.low battery volts while cranking alarm cleared.;
APCxATSGeneratorEStop;.1.3.6.1.4.1.318.0.439;Energia;2;Normal;Generator emergency stop engaged.;
APCxATSGeneratorEStopCleared;.1.3.6.1.4.1.318.0.440;Energia;2;Normal;Generator emergency stop condition cleared.;
APCxATSGeneratorHighBatteryVolt;.1.3.6.1.4.1.318.0.441;Energia;2;Warning;Generator high battery volts.;
APCxATSGeneratorHighBatteryVoltCleared;.1.3.6.1.4.1.318.0.442;Energia;2;Normal;Generator high battery volts condition cleared.;
APCxATSGeneratorLowBatteryVolt;.1.3.6.1.4.1.318.0.443;Energia;2;Normal;Generator low battery volts.;
APCxATSGeneratorLowBatteryVoltCleared;.1.3.6.1.4.1.318.0.444;Energia;2;Normal;Generator low battery volts condition cleared.;
APCxATSGeneratorControlSwitchNotAuto;.1.3.6.1.4.1.318.0.445;Energia;2;Normal;Generator notinauto.;
APCxATSGeneratorControlSwitchNotAutoCleared;.1.3.6.1.4.1.318.0.446;Energia;2;Normal;Generator notinauto cleared.;
APCxATSGeneratorLowOilPressure;.1.3.6.1.4.1.318.0.447;Energia;2;Normal;Generator low oil pressure.;
APCxATSGeneratorLowOilPressureCleared;.1.3.6.1.4.1.318.0.448;Energia;2;Normal;Generator low oil pressure condition cleared.;
APCxATSGeneratorVeryLowOilPressure;.1.3.6.1.4.1.318.0.449;Energia;2;Normal;Generator v.low oil pressure.;
APCxATSGeneratorVeryLowOilPressureCleared;.1.3.6.1.4.1.318.0.450;Energia;2;Normal;Generator v.low oil pressure condition cleared.;
APCxATSGeneratorOverload;.1.3.6.1.4.1.318.0.451;Energia;2;Normal;Generator on overload event.;
APCxATSGeneratorOverloadCleared;.1.3.6.1.4.1.318.0.452;Energia;2;Normal;Generator on overload event cleared.;
APCxATSGeneratorLowACVEvent;.1.3.6.1.4.1.318.0.453;Energia;2;Normal;State of the Generator AC voltage.;
APCxATSGeneratorLowACVEventCleared;.1.3.6.1.4.1.318.0.454;Energia;2;Normal;State of the Generator AC voltage cleared.;
APCxATSGeneratorHighACVEvent;.1.3.6.1.4.1.318.0.455;Energia;2;Normal;State of the Generator AC voltage.;
APCxATSGeneratorHighACVEventCleared;.1.3.6.1.4.1.318.0.456;Energia;2;Normal;State of the Generator AC voltage cleared.;
APCxATSGeneratorOverspeed;.1.3.6.1.4.1.318.0.457;Energia;2;Normal;Generator overspeed condition.;
APCxATSGeneratorOverspeedCleared;.1.3.6.1.4.1.318.0.458;Energia;2;Normal;Generator overspeed condition cleared.;
APCxATSGeneratorEngineCold;.1.3.6.1.4.1.318.0.459;Energia;2;Normal;Generator engine is cold.;
APCxATSGeneratorEngineColdCleared;.1.3.6.1.4.1.318.0.460;Energia;2;Normal;Engine is cold to start condition cleared.;
APCxATSGeneratorOutputBreakerOpen;.1.3.6.1.4.1.318.0.461;Energia;2;Normal;Generator output breaker open.;
APCxATSGeneratorOutputBreakerOpenCleared;.1.3.6.1.4.1.318.0.462;Energia;2;Normal;Generator output breaker open cleared.;
APCxATSGeneratorLowFuelLevelAlarm;.1.3.6.1.4.1.318.0.463;Energia;2;Warning;Generator low fuel level alarm.;
APCxATSGeneratorLowFuelLevelAlarmCleared;.1.3.6.1.4.1.318.0.464;Energia;2;Normal;Generator low fuel level alarm cleared.;
APCxATSGeneratorVeryLowFuelLevelAlarm;.1.3.6.1.4.1.318.0.465;Energia;2;Normal;Generator very low fuel level alarm.;
APCxATSGeneratorVeryLowFuelLevelAlarmCleared;.1.3.6.1.4.1.318.0.466;Energia;2;Normal;Generator very low fuel level alarm cleared.;
APCxATSGeneratorLowRunTimeAlarm;.1.3.6.1.4.1.318.0.467;Energia;2;Warning;Generator low run time alarm.;
APCxATSGeneratorLowRunTimeAlarmCleared;.1.3.6.1.4.1.318.0.468;Energia;2;Normal;Generator low run time alarm.;
APCxATSGeneratorVeryLowRunTimeAlarm;.1.3.6.1.4.1.318.0.469;Energia;2;Normal;Generator very low run time alarm.;
APCxATSGeneratorVeryLowRunTimeAlarmCleared;.1.3.6.1.4.1.318.0.470;Energia;2;Normal;Generator very low run time alarm.;
APCxATSGeneratorServiceDueAlarm;.1.3.6.1.4.1.318.0.471;Energia;2;Warning;Generator maintenance due.;
APCxATSGeneratorServiceDueAlarmCleared;.1.3.6.1.4.1.318.0.472;Energia;2;Normal;Generator service alarm is cleared.;
APCxATSGeneratorShutdown;.1.3.6.1.4.1.318.0.473;Energia;2;Normal;Generator shutdown;
APCxATSGeneratorShutdownCleared;.1.3.6.1.4.1.318.0.474;Energia;2;Normal;Generator shutdown is cleared.;
APCxATSGeneratorBatteryCharger;.1.3.6.1.4.1.318.0.475;Energia;2;Normal;Generator battery charger is nonfunctional;
APCxATSGeneratorBatteryChargerCleared;.1.3.6.1.4.1.318.0.476;Energia;2;Normal;Fault in the generator battery charger is cleared.;
APCxATSGeneratorGenericEvent;.1.3.6.1.4.1.318.0.477;Energia;2;Warning;Generator generic event.;
APCxATSGeneratorGenericEventCleared;.1.3.6.1.4.1.318.0.478;Energia;2;Normal;Generic generator event is cleared.;
APCxPDUInternalCommErrorCleared;.1.3.6.1.4.1.318.0.479;Energia;2;Normal;Communication error cleared.;
APCxPDUSystemStateAlarm;.1.3.6.1.4.1.318.0.480;Energia;2;Normal;PDU state change alarm.;
APCxPDUSystemStateAlarmCleared;.1.3.6.1.4.1.318.0.481;Energia;2;Normal;PDU normal state change.;
APCxPDUEpoTestMode;.1.3.6.1.4.1.318.0.482;Energia;2;Warning;EPO disabled.;
APCxPDUEpoArmed;.1.3.6.1.4.1.318.0.483;Energia;2;Normal;EPO armed.;
APCxPDUFuseBlownAlarm;.1.3.6.1.4.1.318.0.484;Energia;2;Normal;Fuse detected opened.;
APCxPDUFuseBlownAlarmCleared;.1.3.6.1.4.1.318.0.485;Energia;2;Normal;Fuse alarm cleared.;
APCxPDUBreakerPositionAlarm;.1.3.6.1.4.1.318.0.486;Energia;2;Normal;Breaker position alarm.;
APCxPDUBreakerPositionAlarmCleared;.1.3.6.1.4.1.318.0.487;Energia;2;Normal;Breaker alarm cleared.;
APCxPDUBreakerChangeEvent;.1.3.6.1.4.1.318.0.488;Energia;2;Normal;Breaker/switch change event.;
APCxPDUDataCommMismatchError;.1.3.6.1.4.1.318.0.489;Energia;2;Normal;XPDU data mismatch error.;
APCxPDUDataCommMismatchErrorCleared;.1.3.6.1.4.1.318.0.490;Energia;2;Normal;XPDU data mismatch error cleared.;
APCxPDUSystemInMaintenanceBypassMode;.1.3.6.1.4.1.318.0.491;Energia;2;Warning;PDU state changed to maintenance bypass.;
APCxPDUSystemInUPSOperationalMode;.1.3.6.1.4.1.318.0.492;Energia;2;Normal;PDU state changed to UPS operational.;
APCxATSGeneratorFuelTankRuptureAlarm;.1.3.6.1.4.1.318.0.493;Energia;2;Warning;Generator inner wall rupture alarm.;
APCxATSGeneratorFuelTankRuptureAlarmCleared;.1.3.6.1.4.1.318.0.494;Energia;2;Normal;Generator inner wall rupture alarm cleared.;
APCxATSGeneratorGroundFaultAlarm;.1.3.6.1.4.1.318.0.495;Energia;2;Normal;Generator ground fault alarm.;
APCxATSGeneratorGroundFaultAlarmCleared;.1.3.6.1.4.1.318.0.496;Energia;2;Normal;Generator ground fault alarm cleared.;
APCxATSOutputLoadPoweredByGeneratorAlarm;.1.3.6.1.4.1.318.0.497;Energia;2;Warning;System load powered by generator.;
APCxATSOutputLoadPoweredByGeneratorAlarmCleared;.1.3.6.1.4.1.318.0.498;Energia;2;Normal;System load powered by generator alarm cleared.;
APCxAPCControllerFirmwareUpdateTransferStart;.1.3.6.1.4.1.318.0.499;Energia;2;Normal;Start update transfer.;
APCxAPCControllerFirmwareUpdateTransferComplete;.1.3.6.1.4.1.318.0.500;Energia;2;Normal;Update transfer complete.;
APCxAPCControllerFirmwareUpdateTransferFailed;.1.3.6.1.4.1.318.0.501;Energia;2;Normal;Update transfer failed.;
APCupsPfcInputRelayFailure;.1.3.6.1.4.1.318.0.502;Energia;2;Warning;The PFC (Power Factor Correction) input relay failure exists.;
APCupsPfcInputRelayFailureCleared;.1.3.6.1.4.1.318.0.503;Energia;2;Normal;The PFC (Power Factor Correction) input relay failure cleared.;
APCupsInverterOverTemperature;.1.3.6.1.4.1.318.0.504;Energia;2;Warning;The inverter over temperature condition exists.;
APCupsInverterOverTemperatureCleared;.1.3.6.1.4.1.318.0.505;Energia;2;Normal;The inverter over temperature condition cleared.;
APCupsBatteryOverVoltage;.1.3.6.1.4.1.318.0.506;Energia;2;Warning;The battery over voltage condition exists.;
APCupsBatteryOverVoltageCleared;.1.3.6.1.4.1.318.0.507;Energia;2;Normal;The battery over voltage condition cleared.;
APCupsEepromFault;.1.3.6.1.4.1.318.0.508;Energia;2;Warning;The EEPROM fault exists.;
APCupsEepromFaultCleared;.1.3.6.1.4.1.318.0.509;Energia;2;Normal;The EEPROM fault cleared.;
APCaruFanRuntimeAlarm;.1.3.6.1.4.1.318.0.510;Energia;2;Warning;Fan Runhour Alarm.;
APCaruFanRuntimeAlarmCleared;.1.3.6.1.4.1.318.0.511;Energia;2;Normal;Fan Runhour Alarm Cleared.;
APCaruFanPoorPerformanceAlarm;.1.3.6.1.4.1.318.0.512;Energia;2;Warning;Fan Health Alarm.;
APCaruFanPoorPerformanceAlarmCleared;.1.3.6.1.4.1.318.0.513;Energia;2;Normal;Fan Health Alarm Cleared.;
APCaruRedundantPowerLostAlarm;.1.3.6.1.4.1.318.0.514;Energia;2;Warning;AC Redundancy Lost.;
APCaruRedundantPowerLostAlarmCleared;.1.3.6.1.4.1.318.0.515;Energia;2;Normal;AC Redundancy Restored.;
APCapcDeviceConfigChange;.1.3.6.1.4.1.318.0.516;Energia;2;Normal;A device configuration change has been made on a device.;
APCapcEnvSensorConnected;.1.3.6.1.4.1.318.0.517;Energia;2;Normal;Sensor Connected.;
APCapcEnvSensorDisconnected;.1.3.6.1.4.1.318.0.518;Energia;2;Normal;Sensor Disconnected.;
APCapcEnvMaxTempThresholdViolation;.1.3.6.1.4.1.318.0.519;Energia;2;Normal;Max temperature threshold violation.;
APCapcEnvMaxTempThresholdViolationCleared;.1.3.6.1.4.1.318.0.520;Energia;2;Normal;Max temperature threshold violation cleared.;
APCapcEnvHighTempThresholdViolation;.1.3.6.1.4.1.318.0.521;Energia;2;Warning;High temperature threshold violation.;
APCapcEnvHighTempThresholdViolationCleared;.1.3.6.1.4.1.318.0.522;Energia;2;Normal;High temperature threshold violation cleared.;
APCapcEnvLowTempThresholdViolation;.1.3.6.1.4.1.318.0.523;Energia;2;Warning;Low temperature threshold violation.;
APCapcEnvLowTempThresholdViolationCleared;.1.3.6.1.4.1.318.0.524;Energia;2;Normal;Low temperature threshold violation cleared.;
APCapcEnvMinTempThresholdViolation;.1.3.6.1.4.1.318.0.525;Energia;2;Normal;Min temperature threshold violation.;
APCapcEnvMinTempThresholdViolationCleared;.1.3.6.1.4.1.318.0.526;Energia;2;Normal;Min temperature threshold violation cleared.;
APCapcEnvSTIncTempRateViolation;.1.3.6.1.4.1.318.0.527;Energia;2;Normal;Shortterm inc. temp rate violation.;
APCapcEnvSTIncTempRateViolationCleared;.1.3.6.1.4.1.318.0.528;Energia;2;Normal;Shortterm inc. temp rate violation cleared.;
APCapcEnvSTDecTempRateViolation;.1.3.6.1.4.1.318.0.529;Energia;2;Normal;Shortterm dec. temp rate violation.;
APCapcEnvSTDecTempRateViolationCleared;.1.3.6.1.4.1.318.0.530;Energia;2;Normal;Shortterm dec. temp rate violation cleared.;
APCapcEnvLTIncTempRateViolation;.1.3.6.1.4.1.318.0.531;Energia;2;Normal;Longterm inc. temp rate violation.;
APCapcEnvLTIncTempRateViolationCleared;.1.3.6.1.4.1.318.0.532;Energia;2;Normal;Longterm inc. temp rate violation cleared.;
APCapcEnvLTDecTempRateViolation;.1.3.6.1.4.1.318.0.533;Energia;2;Normal;Longterm dec. temp rate violation.;
APCapcEnvLTDecTempRateViolationCleared;.1.3.6.1.4.1.318.0.534;Energia;2;Normal;Longterm dec. temp rate violation cleared.;
APCapcEnvMaxHumidityThresholdViolation;.1.3.6.1.4.1.318.0.535;Energia;2;Normal;Max humidity threshold violation.;
APCapcEnvMaxHumidityThresholdViolationCleared;.1.3.6.1.4.1.318.0.536;Energia;2;Normal;Max humidity threshold violation cleared.;
APCapcEnvHighHumidityThresholdViolation;.1.3.6.1.4.1.318.0.537;Energia;2;Warning;High humidity threshold violation.;
APCapcEnvHighHumidityThresholdViolationCleared;.1.3.6.1.4.1.318.0.538;Energia;2;Normal;High humidity threshold violation cleared.;
APCapcEnvLowHumidityThresholdViolation;.1.3.6.1.4.1.318.0.539;Energia;2;Warning;Low humidity threshold violation.;
APCapcEnvLowHumidityThresholdViolationCleared;.1.3.6.1.4.1.318.0.540;Energia;2;Normal;Low humidity threshold violation cleared.;
APCapcEnvMinHumidityThresholdViolation;.1.3.6.1.4.1.318.0.541;Energia;2;Normal;Min humidity threshold violation.;
APCapcEnvMinHumidityThresholdViolationCleared;.1.3.6.1.4.1.318.0.542;Energia;2;Normal;Min humidity threshold violation cleared.;
APCapcBeaconConnected;.1.3.6.1.4.1.318.0.543;Energia;2;Normal;Beacon Connected.;
APCapcBeaconDisconnected;.1.3.6.1.4.1.318.0.544;Energia;2;Normal;Beacon Disconnected.;
APCapcBeaconOn;.1.3.6.1.4.1.318.0.545;Energia;2;Normal;Beacon On.;
APCapcBeaconOff;.1.3.6.1.4.1.318.0.546;Energia;2;Normal;Beacon Off.;
APCapcOutletStateAbnormal;.1.3.6.1.4.1.318.0.547;Energia;2;Warning;Outlet has changed to its abnormal state.;
APCapcOutletStateNormal;.1.3.6.1.4.1.318.0.548;Energia;2;Normal;Outlet has changed to its normal state.;
APCapcOutputRelayStateAbnormal;.1.3.6.1.4.1.318.0.549;Energia;2;Warning;Output Relay has changed to its abnormal state.;
APCapcOutputRelayStateNormal;.1.3.6.1.4.1.318.0.550;Energia;2;Normal;Output Relay has changed to its normal state.;
APCapcHardwareStateAbnormal;.1.3.6.1.4.1.318.0.551;Energia;2;Normal;Hardware is in an abnormal state.;
APCapcHardwareStateNormal;.1.3.6.1.4.1.318.0.552;Energia;2;Normal;Hardware is in its normal state.;
APCapcCriticalDiscreteInputContactStateAbnormal;.1.3.6.1.4.1.318.0.553;Energia;2;Normal;Discrete input contact has changed to its abnormal state.;
APCapcCriticalDiscreteInputContactStateNormal;.1.3.6.1.4.1.318.0.554;Energia;2;Normal;Discrete input contact has changed to its normal state.;
APCapcWarningDiscreteInputContactStateAbnormal;.1.3.6.1.4.1.318.0.555;Energia;2;Warning;Discrete input contact has changed to its abnormal state.;
APCapcWarningDiscreteInputContactStateNormal;.1.3.6.1.4.1.318.0.556;Energia;2;Normal;Discrete input contact has changed to its normal state.;
APCapcInformationalDiscreteInputContactStateAbnormal;.1.3.6.1.4.1.318.0.557;Energia;2;Normal;Discrete input contact has changed to its abnormal state.;
APCapcInformationalDiscreteInputContactStateNormal;.1.3.6.1.4.1.318.0.558;Energia;2;Normal;Discrete input contact has changed to its normal state.;
APCapcAnalogInputMaxThresholdViolation;.1.3.6.1.4.1.318.0.559;Energia;2;Normal;Max threshold violation on input.;
APCapcAnalogInputMaxThresholdViolationCleared;.1.3.6.1.4.1.318.0.560;Energia;2;Normal;Max threshold violation cleared.;
APCapcAnalogInputHighThresholdViolation;.1.3.6.1.4.1.318.0.561;Energia;2;Warning;High threshold violation on input.;
APCapcAnalogInputHighThresholdViolationCleared;.1.3.6.1.4.1.318.0.562;Energia;2;Normal;High threshold violation cleared.;
APCapcAnalogInputLowThresholdViolation;.1.3.6.1.4.1.318.0.563;Energia;2;Warning;Low threshold violation on input.;
APCapcAnalogInputLowThresholdViolationCleared;.1.3.6.1.4.1.318.0.564;Energia;2;Normal;Low threshold violation cleared.;
APCapcAnalogInputMinThresholdViolation;.1.3.6.1.4.1.318.0.565;Energia;2;Normal;Min threshold violation on input.;
APCapcAnalogInputMinThresholdViolationCleared;.1.3.6.1.4.1.318.0.566;Energia;2;Normal;Min threshold violation cleared.;
APCapcDeviceClearLostComms;.1.3.6.1.4.1.318.0.567;Energia;2;Normal;Lost communications reset command has been issued.;
APCapcDeviceConnected;.1.3.6.1.4.1.318.0.568;Energia;2;Normal;Device Connected.;
APCapcDeviceDisconnected;.1.3.6.1.4.1.318.0.569;Energia;2;Normal;Device Disconnected.;
APCapcUnregisteredUserAccessDenied;.1.3.6.1.4.1.318.0.570;Energia;2;Normal;Unregistered user.;
APCapcRegisteredUserAccessDenied;.1.3.6.1.4.1.318.0.571;Energia;2;Normal;Access denied.;
APCapcRegisteredUserConfigChange;.1.3.6.1.4.1.318.0.572;Energia;2;Normal;Registered user configuration change.;
APCapcDoorUnlocked;.1.3.6.1.4.1.318.0.573;Energia;2;Normal;Door unlocked.;
APCapcDoorLocked;.1.3.6.1.4.1.318.0.574;Energia;2;Normal;Door locked.;
APCapcHandleOpened;.1.3.6.1.4.1.318.0.575;Energia;2;Normal;Door handle opened.;
APCapcHandleClosed;.1.3.6.1.4.1.318.0.576;Energia;2;Normal;Door handle closed.;
APCapcDoorOpened;.1.3.6.1.4.1.318.0.577;Energia;2;Normal;Door opened.;
APCapcDoorClosed;.1.3.6.1.4.1.318.0.578;Energia;2;Normal;Door closed.;
APCapcKeyOverrideUnlocked;.1.3.6.1.4.1.318.0.580;Energia;2;Normal;Key override unlock has occurred.;
APCapcKeyOverrideLocked;.1.3.6.1.4.1.318.0.581;Energia;2;Normal;Key override lock has occurred.;
APCapcForcedEntry;.1.3.6.1.4.1.318.0.582;Energia;2;Normal;A forced entry has occurred.;
APCapcForcedEntryCleared;.1.3.6.1.4.1.318.0.583;Energia;2;Normal;A forced entry has been cleared.;
APCapcRelockTimeout;.1.3.6.1.4.1.318.0.584;Energia;2;Normal;Relock timeout.;
APCapcRelockTimeoutCleared;.1.3.6.1.4.1.318.0.585;Energia;2;Normal;Relock timout has been cleared.;
APCapcDoorSenseDisconnected;.1.3.6.1.4.1.318.0.586;Energia;2;Normal;A door sensor was disconnected.;
APCapcDoorSenseConnected;.1.3.6.1.4.1.318.0.587;Energia;2;Normal;A door sensor was connected.;
APCapcDoorLostComms;.1.3.6.1.4.1.318.0.588;Energia;2;Normal;A door has lost communications.;
APCapcDoorEstablishedComms;.1.3.6.1.4.1.318.0.589;Energia;2;Normal;A door has established communications.;
APCapcRegisteredUserAccessChange;.1.3.6.1.4.1.318.0.590;Energia;2;Normal;Registered user access change.;
APCapcUnregisteredUserStatusChange;.1.3.6.1.4.1.318.0.591;Energia;2;Normal;Unregistered user status change.;
APCapcDeviceClearUserConfigs;.1.3.6.1.4.1.318.0.592;Energia;2;Normal;User configurations reset command has been issued.;
APCupsBatteryTempSensorFault;.1.3.6.1.4.1.318.0.600;Energia;2;Warning;The battery temperature sensor fault exists.;
APCupsBatteryTempSensorFaultCleared;.1.3.6.1.4.1.318.0.601;Energia;2;Normal;The battery temperature sensor fault cleared.;
APCupsBatterySoftBusStartFault;.1.3.6.1.4.1.318.0.602;Energia;2;Warning;A battery bus soft start fault exists.;
APCupsBatterySoftBusStartFaultCleared;.1.3.6.1.4.1.318.0.603;Energia;2;Normal;A battery bus soft start fault exists cleared.;
APCapcOutputShortCircuit;.1.3.6.1.4.1.318.0.604;Energia;2;Warning;An output short circuit condition exists.;
APCapcOutputShortCircuitCleared;.1.3.6.1.4.1.318.0.605;Energia;2;Normal;An output short circuit condition cleared.;
APCapcOutputRelayFault;.1.3.6.1.4.1.318.0.606;Energia;2;Warning;An output relay (or its driver) fault exists.;
APCapcOutputRelayFaultCleared;.1.3.6.1.4.1.318.0.607;Energia;2;Normal;An output relay (or its driver) fault cleared.;
APCupsPfcFault;.1.3.6.1.4.1.318.0.608;Energia;2;Warning;A PFC fault exists.;
APCupsPfcFaultCleared;.1.3.6.1.4.1.318.0.609;Energia;2;Normal;The PFC fault cleared.;
APCapcDcBusOverVoltage;.1.3.6.1.4.1.318.0.610;Energia;2;Warning;The DC bus voltage is too high.;
APCapcDcBusOverVoltageCleared;.1.3.6.1.4.1.318.0.611;Energia;2;Normal;The DC bus voltage is too high cleared.;
APCupsInverterFault;.1.3.6.1.4.1.318.0.612;Energia;2;Warning;The inverter fault exists.;
APCupsInverterFaultCleared;.1.3.6.1.4.1.318.0.613;Energia;2;Normal;The inverter fault cleared.;
APCapcAdConverterFault;.1.3.6.1.4.1.318.0.614;Energia;2;Warning;The A/D converter fault exists.;
APCapcAdConverterFaultCleared;.1.3.6.1.4.1.318.0.615;Energia;2;Normal;The A/D converter fault cleared.;
APCapcLogicPowerSupplyFault;.1.3.6.1.4.1.318.0.616;Energia;2;Warning;A logic power supply fault exists.;
APCapcLogicPowerSupplyFaultCleared;.1.3.6.1.4.1.318.0.617;Energia;2;Normal;A logic power supply fault cleared.;
APCapcTransformerDCImbalanceFault;.1.3.6.1.4.1.318.0.618;Energia;2;Warning;The DC component of the transformer's current is too high.;
APCapcTransformerDCImbalanceFaultCleared;.1.3.6.1.4.1.318.0.619;Energia;2;Normal;The DC component of the transformer's current is normal.;
APCupsBackfeedRelayFault;.1.3.6.1.4.1.318.0.620;Energia;2;Warning;The backfeed relay (or its driver) has a fault.;
APCupsBackfeedRelayFaultCleared;.1.3.6.1.4.1.318.0.621;Energia;2;Normal;The backfeed relay (or its driver) has a fault cleared.;
APCupsBypassRelayFault;.1.3.6.1.4.1.318.0.622;Energia;2;Warning;A bypass relay (or its driver) has a fault.;
APCupsBypassRelayFaultCleared;.1.3.6.1.4.1.318.0.623;Energia;2;Normal;A bypass relay (or its driver) has a fault cleared.;
APCxPDUBranchCurrentMinAlarm;.1.3.6.1.4.1.318.0.626;Energia;2;Normal;Branch circuit current is below threshold.;
APCxPDUBranchCurrentMinAlarmCleared;.1.3.6.1.4.1.318.0.627;Energia;2;Normal;Branch circuit low current alarm cleared.;
APCxPDUBranchCurrentMaxAlarm;.1.3.6.1.4.1.318.0.628;Energia;2;Normal;Branch circuit current is above threshold.;
APCxPDUBranchCurrentMaxAlarmCleared;.1.3.6.1.4.1.318.0.629;Energia;2;Normal;Branch circuit high current alarm cleared.;
APCrPDUOutletLowLoad;.1.3.6.1.4.1.318.0.630;Energia;2;Warning;A Rack PDU has violated the outlet low load threshold.;
APCrPDUOutletLowLoadCleared;.1.3.6.1.4.1.318.0.631;Energia;2;Normal;The low load condition on a Rack PDU has been cleared.;
APCrPDUOutletNearOverload;.1.3.6.1.4.1.318.0.632;Energia;2;Warning;A Rack PDU is near an outlet overload condition.;
APCrPDUOutletNearOverloadCleared;.1.3.6.1.4.1.318.0.633;Energia;2;Normal;Rack PDU outlet near overload condition has cleared.;
APCrPDUOutletOverload;.1.3.6.1.4.1.318.0.634;Energia;2;Normal;A Rack PDU is in an outlet overload condition.;
APCrPDUOutletOverloadCleared;.1.3.6.1.4.1.318.0.635;Energia;2;Normal;The outlet overload condition on a Rack PDU has cleared.;
APCapcTestTrap;.1.3.6.1.4.1.318.0.636;Energia;2;Normal;Test Trap.;
APCbaseFanFailureCleared;.1.3.6.1.4.1.318.0.637;Energia;2;Normal;The base module fan has been repaired.;
APCatsLowLoad;.1.3.6.1.4.1.318.0.638;LOGONLY;2;Warning;ATS has violated the bank or phase low load threshold.;
APCatsLowLoadCleared;.1.3.6.1.4.1.318.0.639;LOGONLY;2;Normal;The low load condition on an ATS has been cleared.;
APCatsNearOverload;.1.3.6.1.4.1.318.0.640;LOGONLY;2;Warning;ATS is near a bank or phase overload condition.;
APCatsNearOverloadCleared;.1.3.6.1.4.1.318.0.641;LOGONLY;2;Normal;ATS bank or phase near overload condition has cleared.;
APCatsOverload;.1.3.6.1.4.1.318.0.642;LOGONLY;2;Normal;ATS is in overload condition.;
APCatsOverloadCleared;.1.3.6.1.4.1.318.0.643;LOGONLY;2;Normal;The bank or phase overload condition on an ATS has cleared.;
APCatsRMSOverVoltage;.1.3.6.1.4.1.318.0.644;LOGONLY;2;Normal;Overvoltage condition violated.;
APCatsRMSOverVoltageCleared;.1.3.6.1.4.1.318.0.645;LOGONLY;2;Normal;Overvoltage condition cleared.;
APCatsRMSUnderVoltage;.1.3.6.1.4.1.318.0.646;LOGONLY;2;Normal;Undervoltage condition violated.;
APCatsRMSUnderVoltageCleared;.1.3.6.1.4.1.318.0.647;LOGONLY;2;Normal;Undervoltage condition cleared.;
APCatsRMSOverFrequency;.1.3.6.1.4.1.318.0.648;LOGONLY;2;Normal;OverFrequency condition violated.;
APCatsRMSOverFrequencyCleared;.1.3.6.1.4.1.318.0.649;LOGONLY;2;Normal;OverFrequency condition cleared.;
APCatsRMSUnderFrequency;.1.3.6.1.4.1.318.0.650;LOGONLY;2;Normal;UnderFrequency condition violated.;
APCatsRMSUnderFrequencyCleared;.1.3.6.1.4.1.318.0.651;LOGONLY;2;Normal;UnderFrequency condition cleared.;
APCisxModularDistributionCommLost;.1.3.6.1.4.1.318.0.652;Energia;2;Normal;Modular distribution communication lost.;
APCisxModularDistributionCommEstablished;.1.3.6.1.4.1.318.0.653;Energia;2;Normal;Modular distribution communication restored.;
APCisxModularDistributionModuleInserted;.1.3.6.1.4.1.318.0.654;Energia;2;Normal;Distribution module inserted.;
APCisxModularDistributionModuleRemoved;.1.3.6.1.4.1.318.0.655;Energia;2;Normal;Distribution module removed.;
APCisxModularBreakerOpenAlarm;.1.3.6.1.4.1.318.0.656;Energia;2;Normal;Distribution breaker open alarm.;
APCisxModularBreakerOpenAlarmCleared;.1.3.6.1.4.1.318.0.657;Energia;2;Normal;Distribution breaker open alarm cleared.;
APCisxModularMinCurrentThresholdViolation;.1.3.6.1.4.1.318.0.658;Energia;2;Normal;Distribution current is below the critical threshold.;
APCisxModularMinCurrentThresholdViolationCleared;.1.3.6.1.4.1.318.0.659;Energia;2;Normal;Distribution current no longer below the critical threshold.;
APCisxModularLowCurrentThresholdViolation;.1.3.6.1.4.1.318.0.660;Energia;2;Warning;Distribution current is below the warning threshold.;
APCisxModularLowCurrentThresholdViolationCleared;.1.3.6.1.4.1.318.0.661;Energia;2;Normal;Distribution current no longer below the warning threshold.;
APCisxModularHighCurrentThresholdViolation;.1.3.6.1.4.1.318.0.662;Energia;2;Warning;Distribution current is above the warning threshold.;
APCisxModularHighCurrentThresholdViolationCleared;.1.3.6.1.4.1.318.0.663;Energia;2;Normal;Distribution current no longer above the warning threshold.;
APCisxModularMaxCurrentThresholdViolation;.1.3.6.1.4.1.318.0.664;Energia;2;Normal;Distribution current is above the critical threshold.;
APCisxModularMaxCurrentThresholdViolationCleared;.1.3.6.1.4.1.318.0.665;Energia;2;Normal;Distribution current no longer above the critical threshold.;
APCisxModularSubfeedBreakerOpenAlarm;.1.3.6.1.4.1.318.0.666;Energia;2;Normal;Distribution subfeed breaker open alarm.;
APCisxModularSubfeedBreakerOpenAlarmCleared;.1.3.6.1.4.1.318.0.667;Energia;2;Normal;Distribution subfeed breaker open alarm cleared.;
APCisxModularSubfeedMinCurrentThresholdViolation;.1.3.6.1.4.1.318.0.668;Energia;2;Normal;Distribution subfeed current is below the critical threshold.;
APCisxModularSubfeedMinCurrentThresholdViolationCleared;.1.3.6.1.4.1.318.0.669;Energia;2;Normal;Distribution subfeed current no longer below the critical threshold.;
APCisxModularSubfeedLowCurrentThresholdViolation;.1.3.6.1.4.1.318.0.670;Energia;2;Warning;Distribution subfeed current is below the warning threshold.;
APCisxModularSubfeedLowCurrentThresholdViolationCleared;.1.3.6.1.4.1.318.0.671;Energia;2;Normal;Distribution subfeed current is no longer below the warning threshold.;
APCisxModularSubfeedHighCurrentThresholdViolation;.1.3.6.1.4.1.318.0.672;Energia;2;Warning;Distribution subfeed current is above the warning threshold.;
APCisxModularSubfeedHighCurrentThresholdViolationCleared;.1.3.6.1.4.1.318.0.673;Energia;2;Normal;Distribution subfeed current no longer above the warning threshold.;
APCisxModularSubfeedMaxCurrentThresholdViolation;.1.3.6.1.4.1.318.0.674;Energia;2;Normal;Distribution subfeed current is above the critical threshold.;
APCisxModularSubfeedMaxCurrentThresholdViolationCleared;.1.3.6.1.4.1.318.0.675;Energia;2;Normal;Distribution subfeed current no longer above the critical threshold.;
APCisxModularTotalOutputCurrentMinThresholdViolation;.1.3.6.1.4.1.318.0.676;Energia;2;Normal;Distribution total current is below the critical threshold.;
APCisxModularTotalOutputCurrentMinThresholdViolationCleared;.1.3.6.1.4.1.318.0.677;Energia;2;Normal;Distribution total current no longer below the critical threshold.;
APCisxModularTotalOutputCurrentLowThresholdViolation;.1.3.6.1.4.1.318.0.678;Energia;2;Warning;Distribution total current is below the warning threshold.;
APCisxModularTotalOutputCurrentLowThresholdViolationCleared;.1.3.6.1.4.1.318.0.679;Energia;2;Normal;Distribution total current no longer below the warning threshold.;
APCisxModularTotalOutputCurrentHighThresholdViolation;.1.3.6.1.4.1.318.0.680;Energia;2;Warning;Distribution total current is above the warning threshold.;
APCisxModularTotalOutputCurrentHighThresholdViolationCleared;.1.3.6.1.4.1.318.0.681;Energia;2;Normal;Distribution total current no longer above the warning threshold.;
APCisxModularTotalOutputCurrentMaxThresholdViolation;.1.3.6.1.4.1.318.0.682;Energia;2;Normal;Distribution total current is above the critical threshold.;
APCisxModularTotalOutputCurrentMaxThresholdViolationCleared;.1.3.6.1.4.1.318.0.683;Energia;2;Normal;Distribution total current no longer above the critical threshold.;
APCisxModularOutputVoltageMinThresholdViolation;.1.3.6.1.4.1.318.0.684;Energia;2;Normal;Distribution output voltage is below the critical threshold.;
APCisxModularOutputVoltageMinThresholdViolationCleared;.1.3.6.1.4.1.318.0.685;Energia;2;Normal;Distribution output voltage no longer below the critical threshold.;
APCisxModularOutputVoltageLowThresholdViolation;.1.3.6.1.4.1.318.0.686;Energia;2;Warning;Distribution output voltage is below the warning threshold.;
APCisxModularOutputVoltageLowThresholdViolationCleared;.1.3.6.1.4.1.318.0.687;Energia;2;Normal;Distribution output voltage no longer below the warning threshold.;
APCisxModularOutputVoltageHighThresholdViolation;.1.3.6.1.4.1.318.0.688;Energia;2;Warning;Distribution output voltage is above the warning threshold.;
APCisxModularOutputVoltageHighThresholdViolationCleared;.1.3.6.1.4.1.318.0.689;Energia;2;Normal;Distribution output voltage no longer above the warning threshold.;
APCisxModularOutputVoltageMaxThresholdViolation;.1.3.6.1.4.1.318.0.690;Energia;2;Normal;Distribution output voltage is above the critical threshold.;
APCisxModularOutputVoltageMaxThresholdViolationCleared;.1.3.6.1.4.1.318.0.691;Energia;2;Normal;Distribution output voltage no longer above the critical threshold.;
APCapcDoorClosedImproperly;.1.3.6.1.4.1.318.0.692;Energia;2;Normal;Door closed improperly.;
APCapcDoorClosedImproperlyCleared;.1.3.6.1.4.1.318.0.693;Energia;2;Normal;Door no longer closed improperly.;
APCapcUserScheduleViolation;.1.3.6.1.4.1.318.0.694;Energia;2;Normal;User schedule violated.;
APCapcUserScheduleViolationCleared;.1.3.6.1.4.1.318.0.695;Energia;2;Normal;User schedule violation cleared.;
APCisxModularOutputFrequencyThresholdViolation;.1.3.6.1.4.1.318.0.696;Energia;2;Normal;Distribution output frequency out of range.;
APCisxModularOutputFrequencyViolationCleared;.1.3.6.1.4.1.318.0.697;Energia;2;Normal;Distribution output frequency no longer out of range.;
APCatsSourceStatusFail;.1.3.6.1.4.1.318.0.698;Energia;2;Normal;ATS Source failed.;
APCatsSourceStatusOk;.1.3.6.1.4.1.318.0.699;Energia;2;Normal;ATS Source OK.;
APCatsHardwareStatusFail;.1.3.6.1.4.1.318.0.700;Energia;2;Normal;ATS display board hardware failed.;
APCatsHardwareStatusOk;.1.3.6.1.4.1.318.0.701;Energia;2;Normal;ATS display board hardware ok.;
APCatsControllerRestart;.1.3.6.1.4.1.318.0.702;Energia;2;Normal;ATS Controller restarted.;
APCxATSS1BadPhaseRotation;.1.3.6.1.4.1.318.0.724;Energia;2;Normal;Phase rotation on source 1 is bad.;
APCxATSS1BadPhaseRotationCleared;.1.3.6.1.4.1.318.0.725;Energia;2;Normal;S1 phase rotation back to normal.;
APCxATSS1BadPhaseBalance;.1.3.6.1.4.1.318.0.726;Energia;2;Normal;Phase imbalance on source 1 exceeds threshold.;
APCxATSS1BadPhaseBalanceCleared;.1.3.6.1.4.1.318.0.727;Energia;2;Normal;S1 phase balance back to normal.;
APCisxModularTransformerOverheating;.1.3.6.1.4.1.318.0.728;Energia;2;Normal;Distribution transformer temperature is too hot.;
APCisxModularTransformerOverheatingCleared;.1.3.6.1.4.1.318.0.729;Energia;2;Normal;Distribution transformer temperature has returned to normal.;
APCapcInternalCommunicationFault;.1.3.6.1.4.1.318.0.730;Energia;2;Normal;An internal UPS communication fault exists.;
APCapcInternalCommunicationFaultCleared;.1.3.6.1.4.1.318.0.731;Energia;2;Normal;An internal UPS communication fault no longer exists.;
APCupsOutletGroupCommand;.1.3.6.1.4.1.318.0.732;LOGONLY;2;Warning;Outlet Group command issued.;
APConbatterycommunicationLost;.1.3.6.1.4.1.318.0.733;LOGONLY;2;Normal;Communication lost between the agent and the UPS when UPS is on Battery.;
APCupsCriticalCondition;.1.3.6.1.4.1.318.0.734;LOGONLY;2;Normal;A critical condition has been detected.;
APCupsCriticalConditionCleared;.1.3.6.1.4.1.318.0.735;LOGONLY;2;Normal;A critical condition has been cleared.;
APCupsWarningCondition;.1.3.6.1.4.1.318.0.736;LOGONLY;2;Warning;A warning condition has been detected.;
APCupsWarningConditionCleared;.1.3.6.1.4.1.318.0.737;LOGONLY;2;Normal;A warning condition has been cleared.;
APCupsInformationalCondition;.1.3.6.1.4.1.318.0.738;LOGONLY;2;Normal;An informational condition has been detected.;
APCupsInformationalConditionCleared;.1.3.6.1.4.1.318.0.739;LOGONLY;2;Normal;An informational condition has been cleared.;
APCisxcInformationalAlarm;.1.3.6.1.4.1.318.0.740;LOGONLY;2;Normal;An ISXC Informational Alarm exists.;
APCisxcInformationalAlarmCleared;.1.3.6.1.4.1.318.0.741;LOGONLY;2;Normal;An ISXC Informational Alarm has been cleared.;
APCisxcWarningAlarm;.1.3.6.1.4.1.318.0.742;LOGONLY;2;Warning;An ISXC Warning Alarm exists.;
APCisxcWarningAlarmCleared;.1.3.6.1.4.1.318.0.743;LOGONLY;2;Normal;An ISXC Warning Alarm has been cleared.;
APCisxcErrorAlarm;.1.3.6.1.4.1.318.0.744;LOGONLY;2;Normal;An ISXC Error Alarm exists.;
APCisxcErrorAlarmCleared;.1.3.6.1.4.1.318.0.745;LOGONLY;2;Normal;An ISXC Error Alarm has been cleared.;
APCisxcCriticalAlarm;.1.3.6.1.4.1.318.0.746;LOGONLY;2;Normal;An ISXC Critical Alarm exists.;
APCisxcCriticalAlarmCleared;.1.3.6.1.4.1.318.0.747;LOGONLY;2;Normal;An ISXC Critical Alarm has been cleared.;
APCisxcFailureAlarm;.1.3.6.1.4.1.318.0.748;LOGONLY;2;Normal;An ISXC Failure Alarm exists.;
APCisxcFailureAlarmCleared;.1.3.6.1.4.1.318.0.749;LOGONLY;2;Normal;An ISXC Failure Alarm has been cleared.;
APCrpduCriticalCondition;.1.3.6.1.4.1.318.0.750;LOGONLY;2;Normal;A critical condition has been detected.;
APCrpduCriticalConditionCleared;.1.3.6.1.4.1.318.0.751;LOGONLY;2;Normal;A critical condition has been cleared.;
APCrpduWarningCondition;.1.3.6.1.4.1.318.0.752;LOGONLY;2;Warning;A warning condition has been detected.;
APCrpduWarningConditionCleared;.1.3.6.1.4.1.318.0.753;LOGONLY;2;Normal;A warning condition has been cleared.;
APCrpduInformationalCondition;.1.3.6.1.4.1.318.0.754;LOGONLY;2;Normal;An informational condition has been detected.;
APCrpduInformationalConditionCleared;.1.3.6.1.4.1.318.0.755;LOGONLY;2;Normal;An informational condition has been cleared.;
APCisxModularCoolingFanAlarm;.1.3.6.1.4.1.318.0.756;LOGONLY;2;Normal;Cooling fan failure.;
APCisxModularCoolingFanAlarmCleared;.1.3.6.1.4.1.318.0.757;LOGONLY;2;Normal;Cooling fan alarm cleared.;
APCupsOverLoad;.1.3.6.1.4.1.318.0.2;Energia;2;Critical;The UPS has sensed a load greater than 100 percent of its rated capacity.;
